,Survey_ID,black,native,asian,hawaiian,other_race,unsure_race,latinx,fst4,snd4,trd4,age_18-25,age_26-35,age_36-45,age_46-55,age_56-65,age_66+,age_Under 18,gender_Gender non-conforming or non-binary or other,gender_Man,gender_Prefer not to say,gender_Woman
3,6,1,0,0,0,0,0,0,False,False,True,0,1,0,0,0,0,0,0,0,0,1
5,9,1,0,0,0,0,0,0,False,False,False,0,0,1,0,0,0,0,0,0,0,1
10,17,1,0,0,0,0,0,0,False,True,False,1,0,0,0,0,0,0,0,0,0,1
15,40,1,1,0,0,0,0,0,False,False,True,0,0,0,0,1,0,0,0,1,0,0
17,46,1,0,0,0,1,0,0,False,True,False,0,0,1,0,0,0,0,0,1,0,0
22,57,0,0,0,0,0,1,0,False,False,False,0,0,1,0,0,0,0,0,0,1,0
26,64,1,0,0,0,0,0,0,False,False,True,0,0,1,0,0,0,0,0,1,0,0
30,72,1,0,0,0,1,0,0,False,False,False,0,0,1,0,0,0,0,0,1,0,0
32,76,1,0,0,0,0,0,0,False,False,False,0,0,0,0,1,0,0,0,1,0,0
33,78,1,0,0,0,0,0,0,True,False,False,0,0,1,0,0,0,0,0,1,0,0
35,83,0,1,0,0,1,0,0,False,False,False,0,0,1,0,0,0,0,0,1,0,0
40,94,1,0,0,0,0,0,0,False,False,True,0,0,0,1,0,0,0,0,1,0,0
53,119,0,1,0,0,0,0,0,True,False,False,0,1,0,0,0,0,0,0,1,0,0
56,123,1,0,0,0,0,0,0,False,False,False,0,1,0,0,0,0,0,0,1,0,0
58,125,1,0,0,0,0,0,0,False,False,False,0,0,1,0,0,0,0,0,1,0,0
63,137,1,0,0,0,0,0,0,False,False,False,0,0,0,1,0,0,0,0,1,0,0
67,144,1,0,0,0,0,0,0,True,False,False,0,0,0,1,0,0,0,0,1,0,0
68,145,0,0,0,0,1,0,0,False,False,True,0,0,0,0,1,0,0,0,1,0,0
76,160,1,0,0,0,0,0,0,False,False,False,0,1,0,0,0,0,0,0,1,0,0
78,163,1,0,0,0,0,0,0,False,False,False,0,0,0,0,1,0,0,0,1,0,0
79,166,1,0,0,0,0,0,0,False,False,False,0,0,1,0,0,0,0,0,1,0,0
80,175,0,0,0,0,1,0,1,False,False,False,0,1,0,0,0,0,0,0,1,0,0
85,182,1,0,0,0,0,0,0,False,False,False,0,0,0,1,0,0,0,0,1,0,0
86,183,1,0,0,0,0,0,0,False,False,False,0,0,1,0,0,0,0,0,1,0,0
87,184,1,0,0,0,0,0,0,False,True,False,0,0,0,1,0,0,0,0,0,0,1
88,185,1,0,0,0,0,0,0,False,False,False,0,0,1,0,0,0,0,0,0,0,1
92,189,1,0,0,0,0,0,0,False,False,False,0,0,0,1,0,0,0,0,0,0,1
97,199,1,0,0,0,0,0,0,False,False,False,0,1,0,0,0,0,0,0,1,0,0
98,200,1,0,0,0,0,0,0,False,False,False,0,0,0,1,0,0,0,0,1,0,0
102,208,1,0,0,0,0,0,0,False,False,False,0,0,1,0,0,0,0,0,1,0,0
106,215,1,1,0,0,1,0,0,False,False,False,0,0,0,0,1,0,0,0,0,0,1
113,232,1,0,0,0,0,0,0,False,False,False,0,0,1,0,0,0,0,0,1,0,0
115,234,0,0,0,0,1,0,0,False,False,True,0,0,0,0,0,1,0,0,1,0,0
118,238,0,0,0,0,1,0,0,False,True,False,0,0,1,0,0,0,0,0,1,0,0
122,253,1,0,0,0,0,0,0,False,False,False,0,0,1,0,0,0,0,0,1,0,0
125,260,1,0,0,0,0,0,0,True,False,False,0,0,1,0,0,0,0,0,1,0,0
128,266,1,0,0,0,0,0,0,False,True,False,0,0,0,1,0,0,0,0,1,0,0
133,274,0,0,0,0,1,0,1,False,True,False,0,0,0,0,1,0,0,0,1,0,0
134,275,1,0,0,0,0,0,0,False,True,False,0,0,1,0,0,0,0,0,1,0,0
142,292,1,0,0,0,0,0,0,False,False,False,0,0,0,0,0,1,0,0,1,0,0
144,297,0,0,0,0,1,0,0,False,False,False,0,0,1,0,0,0,0,0,0,1,0
147,300,1,0,0,0,0,0,0,False,True,False,0,0,0,0,1,0,0,0,1,0,0
151,305,0,0,0,0,1,0,0,False,False,True,0,0,1,0,0,0,0,0,1,0,0
156,314,1,0,0,0,0,0,0,False,False,False,0,0,0,0,0,1,0,0,1,0,0
157,315,1,0,0,0,0,0,0,False,False,True,0,0,1,0,0,0,0,0,1,0,0
158,317,1,0,0,0,0,0,0,False,False,True,0,0,1,0,0,0,0,0,1,0,0
159,320,1,0,0,0,0,0,0,False,False,True,0,0,1,0,0,0,0,0,1,0,0
160,321,0,0,0,0,1,0,1,False,False,True,0,0,0,0,0,1,0,0,1,0,0
161,325,1,0,0,0,0,0,0,False,False,False,0,0,1,0,0,0,0,0,1,0,0
163,329,1,0,0,0,0,0,0,False,True,False,0,0,1,0,0,0,0,0,1,0,0
166,336,1,0,0,0,0,0,0,False,True,False,0,0,0,1,0,0,0,0,1,0,0
167,337,1,0,0,0,0,0,0,True,False,False,0,1,0,0,0,0,0,0,1,0,0
170,344,1,0,0,0,0,0,0,True,False,False,0,0,0,1,0,0,0,0,1,0,0
173,350,0,1,0,0,0,0,0,False,False,False,0,0,0,0,0,0,1,0,1,0,0
177,364,0,0,0,0,1,0,0,False,False,False,0,0,1,0,0,0,0,0,1,0,0
178,365,0,0,0,0,1,0,0,False,False,False,0,0,0,1,0,0,0,0,1,0,0
179,366,1,1,0,0,0,0,0,False,False,False,0,1,0,0,0,0,0,0,1,0,0
182,373,0,0,0,0,0,1,0,False,False,False,0,0,1,0,0,0,0,0,1,0,0
185,377,1,1,0,0,0,0,0,False,False,False,0,0,0,0,1,0,0,0,1,0,0
187,380,1,0,0,0,0,0,0,False,False,False,0,0,0,0,0,1,0,0,1,0,0
194,394,1,0,0,0,0,0,0,False,False,False,0,0,0,0,1,0,0,0,1,0,0
199,404,1,0,0,0,0,0,0,False,False,True,0,1,0,0,0,0,0,0,1,0,0
204,410,1,0,0,0,0,0,0,False,True,False,0,0,0,1,0,0,0,0,1,0,0
206,418,0,0,0,0,1,0,1,True,False,False,0,0,1,0,0,0,0,0,1,0,0
210,425,1,0,0,0,0,0,0,False,True,False,0,0,0,1,0,0,0,0,1,0,0
216,442,1,0,0,0,0,0,0,True,False,False,0,0,1,0,0,0,0,0,1,0,0
217,443,1,0,0,0,0,0,0,False,False,True,0,0,1,0,0,0,0,0,1,0,0
226,460,1,0,0,0,0,0,0,False,False,False,0,1,0,0,0,0,0,0,1,0,0
227,461,1,0,0,0,0,0,0,False,True,False,0,0,1,0,0,0,0,0,1,0,0
229,464,0,0,0,0,1,0,1,False,False,False,0,1,0,0,0,0,0,0,1,0,0
232,470,1,0,0,0,0,0,0,True,False,False,0,0,1,0,0,0,0,0,1,0,0
233,471,1,0,0,0,0,0,0,False,False,False,0,1,0,0,0,0,0,0,1,0,0
234,472,1,0,0,0,0,0,0,False,False,False,0,0,1,0,0,0,0,0,1,0,0
235,473,1,0,0,0,0,0,0,False,False,False,0,0,0,1,0,0,0,0,1,0,0
236,477,1,0,0,0,0,0,0,False,False,False,1,0,0,0,0,0,0,0,1,0,0
237,478,0,0,0,0,1,0,0,False,False,False,0,0,0,1,0,0,0,0,1,0,0
238,483,1,0,0,0,0,0,0,False,False,False,0,0,1,0,0,0,0,0,1,0,0
240,489,1,1,0,0,1,0,0,False,False,False,0,0,1,0,0,0,0,0,1,0,0
241,490,1,0,0,0,0,0,0,True,False,False,0,0,0,1,0,0,0,0,1,0,0
243,492,1,0,0,0,0,0,0,False,False,False,0,0,0,0,0,1,0,0,1,0,0
248,502,1,0,0,0,0,0,0,False,False,False,0,0,0,0,1,0,0,0,1,0,0
252,516,1,0,0,0,0,0,0,False,False,False,1,0,0,0,0,0,0,0,1,0,0
256,521,1,0,0,0,0,0,1,False,False,False,0,0,1,0,0,0,0,0,0,0,1
263,531,1,0,0,0,0,0,0,False,True,False,1,0,0,0,0,0,0,1,0,0,0
265,539,0,0,0,0,1,0,1,False,True,False,0,1,0,0,0,0,0,0,1,0,0
266,540,1,0,0,0,0,0,0,False,True,False,0,1,0,0,0,0,0,0,1,0,0
268,551,1,0,0,0,0,0,0,False,True,False,0,1,0,0,0,0,0,0,1,0,0
278,575,1,0,0,0,0,0,0,False,False,False,0,1,0,0,0,0,0,0,1,0,0
279,577,0,0,0,0,1,0,0,False,False,False,0,1,0,0,0,0,0,0,0,0,1
282,583,1,0,0,0,0,0,0,False,False,False,0,0,1,0,0,0,0,0,1,0,0
285,588,1,0,0,0,0,0,0,False,False,False,0,1,0,0,0,0,0,0,1,0,0
294,609,1,0,0,0,0,0,0,False,False,False,0,1,0,0,0,0,0,0,1,0,0
295,612,0,0,0,0,1,0,1,False,False,True,0,1,0,0,0,0,0,0,1,0,0
298,617,0,1,0,0,0,0,0,False,False,False,0,0,0,1,0,0,0,0,1,0,0
300,622,1,0,0,0,0,0,0,False,True,False,0,1,0,0,0,0,0,0,1,0,0
301,630,0,0,0,0,1,0,0,False,False,False,0,0,1,0,0,0,0,0,1,0,0
302,631,1,0,0,0,0,1,0,False,False,True,0,0,1,0,0,0,0,0,1,0,0
304,634,0,1,0,0,0,0,0,False,False,False,0,0,0,1,0,0,0,0,1,0,0
306,637,0,0,0,0,1,0,0,False,False,False,0,0,1,0,0,0,0,0,1,0,0
311,647,1,0,0,0,0,0,0,False,True,False,0,0,1,0,0,0,0,0,1,0,0
314,655,1,0,0,0,0,0,0,False,True,False,0,1,0,0,0,0,0,0,1,0,0
317,661,1,0,0,0,0,0,0,False,False,False,0,0,1,0,0,0,0,0,1,0,0
327,675,1,0,0,0,0,0,0,False,False,False,0,1,0,0,0,0,0,0,1,0,0
333,689,0,0,0,0,1,0,1,True,False,False,1,0,0,0,0,0,0,0,1,0,0
334,691,1,0,0,0,0,0,0,False,False,False,0,0,1,0,0,0,0,0,0,0,1
335,692,1,0,0,0,0,0,0,False,False,True,0,1,0,0,0,0,0,0,1,0,0
337,695,0,0,0,0,1,0,0,False,False,True,0,0,1,0,0,0,0,0,1,0,0
340,707,0,1,0,0,0,0,0,False,False,True,0,0,1,0,0,0,0,0,1,0,0
342,709,0,1,0,0,0,0,0,False,False,False,0,1,0,0,0,0,0,0,1,0,0
345,715,1,0,0,0,0,0,0,False,True,False,0,0,1,0,0,0,0,0,1,0,0
348,724,1,0,0,0,0,0,0,True,False,False,0,0,1,0,0,0,0,0,1,0,0
349,725,1,0,0,0,0,0,0,False,False,False,0,1,0,0,0,0,0,0,1,0,0
351,735,1,0,0,0,0,0,0,False,False,False,0,0,1,0,0,0,0,0,0,0,1
352,737,1,0,0,0,0,0,0,False,False,False,0,0,1,0,0,0,0,0,1,0,0
353,740,1,0,0,0,0,0,0,False,True,False,0,1,0,0,0,0,0,0,1,0,0
358,747,1,0,0,0,0,0,0,False,False,False,0,0,0,1,0,0,0,0,1,0,0
362,753,1,0,0,0,0,0,0,True,False,False,0,0,1,0,0,0,0,0,1,0,0
364,758,1,0,0,0,0,0,0,False,False,False,0,0,1,0,0,0,0,0,1,0,0
365,763,0,0,0,0,1,0,0,False,False,False,0,1,0,0,0,0,0,0,1,0,0
368,767,0,0,0,0,1,0,1,False,False,False,1,0,0,0,0,0,0,0,0,0,1
370,769,1,0,0,0,0,0,0,False,False,False,0,1,0,0,0,0,0,0,1,0,0
371,770,0,0,1,0,0,0,0,False,False,False,1,0,0,0,0,0,0,0,1,0,0
372,773,1,0,0,0,0,0,0,False,True,False,1,0,0,0,0,0,0,0,1,0,0
376,787,0,0,0,0,1,0,1,False,True,False,0,1,0,0,0,0,0,0,1,0,0
377,789,1,0,0,0,0,0,0,False,False,False,0,1,0,0,0,0,0,0,1,0,0
380,799,1,0,0,0,1,0,0,False,False,True,0,0,1,0,0,0,0,0,1,0,0
381,800,1,0,0,0,0,0,0,False,False,False,0,1,0,0,0,0,0,0,1,0,0
384,808,1,0,0,0,0,0,0,False,False,False,0,0,1,0,0,0,0,0,1,0,0
385,810,1,0,0,0,0,0,0,False,False,False,0,1,0,0,0,0,0,0,1,0,0
390,820,1,0,0,0,0,0,0,False,False,True,0,0,1,0,0,0,0,0,1,0,0
391,823,1,0,0,0,0,0,0,False,False,True,1,0,0,0,0,0,0,0,0,1,0
400,846,1,0,0,0,0,0,0,False,False,False,0,0,0,1,0,0,0,0,0,0,1
407,875,1,0,0,0,0,0,0,False,False,False,0,0,1,0,0,0,0,0,1,0,0
408,876,0,1,0,0,0,0,0,False,False,False,0,0,0,0,1,0,0,0,1,0,0
415,890,1,0,0,0,0,0,0,False,False,False,1,0,0,0,0,0,0,0,0,0,1
416,891,0,0,0,0,0,1,1,False,True,False,0,1,0,0,0,0,0,1,0,0,0
419,899,1,0,0,0,0,0,0,False,False,False,0,0,0,1,0,0,0,0,1,0,0
420,900,1,1,0,0,0,0,0,False,False,True,0,1,0,0,0,0,0,0,0,1,0
421,908,1,0,0,0,0,0,0,True,False,False,0,0,1,0,0,0,0,0,1,0,0
423,915,1,1,0,0,0,0,0,False,False,False,1,0,0,0,0,0,0,0,1,0,0
426,922,0,1,0,0,0,0,0,False,False,False,1,0,0,0,0,0,0,0,1,0,0
427,923,1,0,0,0,0,0,0,False,False,False,0,0,0,0,1,0,0,0,1,0,0
428,924,1,0,0,0,0,0,0,False,True,False,0,0,1,0,0,0,0,0,1,0,0
429,929,1,0,0,0,0,0,0,True,False,False,0,1,0,0,0,0,0,0,1,0,0
436,942,1,0,0,0,0,0,0,False,False,False,0,0,0,1,0,0,0,0,1,0,0
440,946,1,0,0,0,0,0,0,False,True,False,0,1,0,0,0,0,0,0,1,0,0
442,949,0,0,0,0,1,0,0,False,False,False,0,0,0,1,0,0,0,0,1,0,0
444,953,0,0,0,0,1,0,0,True,False,False,0,0,0,1,0,0,0,0,1,0,0
449,977,1,0,0,0,0,0,0,True,False,False,0,0,0,0,1,0,0,0,1,0,0
454,983,1,0,0,0,0,0,0,True,False,False,0,1,0,0,0,0,0,0,0,0,1
460,992,0,1,0,0,0,0,0,False,False,False,0,0,1,0,0,0,0,0,1,0,0
462,1001,1,0,0,0,0,0,0,True,False,False,0,0,0,1,0,0,0,0,1,0,0
466,1015,1,0,0,0,0,0,0,True,False,False,0,1,0,0,0,0,0,0,1,0,0
468,1018,0,1,0,0,0,0,0,False,False,False,0,0,1,0,0,0,0,0,0,0,1
469,1019,1,0,0,0,0,0,0,False,False,False,0,0,0,1,0,0,0,0,1,0,0
471,1026,1,0,0,0,0,0,0,False,False,False,0,1,0,0,0,0,0,0,1,0,0
473,1032,1,0,0,0,1,0,1,False,False,True,0,0,1,0,0,0,0,0,1,0,0
475,1036,1,0,0,0,0,0,0,False,False,True,0,1,0,0,0,0,0,0,1,0,0
482,1051,1,0,0,0,0,0,0,False,False,False,0,0,0,0,1,0,0,0,1,0,0
483,1058,1,0,0,0,0,0,0,True,False,False,0,0,1,0,0,0,0,0,1,0,0
485,1060,1,0,0,0,0,0,0,False,False,False,0,0,1,0,0,0,0,0,1,0,0
486,1064,1,0,0,0,0,0,0,True,False,False,0,0,1,0,0,0,0,0,1,0,0
488,1067,1,0,0,0,0,0,0,False,False,True,0,0,0,1,0,0,0,0,1,0,0
489,1070,1,0,0,0,0,0,0,False,True,False,0,0,1,0,0,0,0,0,1,0,0
493,1080,1,0,0,0,0,0,0,False,False,False,0,1,0,0,0,0,0,0,1,0,0
500,1093,1,0,0,0,0,0,0,False,False,False,0,0,0,0,1,0,0,0,1,0,0
504,1101,0,0,0,0,1,0,1,True,False,False,0,1,0,0,0,0,0,0,1,0,0
505,1102,1,0,0,0,0,0,0,True,False,False,0,0,0,1,0,0,0,0,1,0,0
508,1109,1,0,0,0,0,0,0,False,False,False,0,1,0,0,0,0,0,0,1,0,0
510,1116,1,0,0,0,0,0,0,False,False,False,1,0,0,0,0,0,0,0,1,0,0
513,1125,1,0,0,0,0,1,1,False,False,True,0,0,0,1,0,0,0,0,1,0,0
522,1141,1,0,0,0,0,0,0,False,False,True,0,1,0,0,0,0,0,0,1,0,0
523,1146,1,0,0,0,0,0,0,False,False,False,0,1,0,0,0,0,0,0,1,0,0
524,1157,1,0,0,0,0,0,0,True,False,False,0,1,0,0,0,0,0,0,1,0,0
525,1175,1,0,0,0,0,0,0,False,False,False,0,0,1,0,0,0,0,0,1,0,0
531,1183,0,0,0,0,1,0,0,False,False,False,0,0,1,0,0,0,0,0,1,0,0
541,1198,0,0,0,0,1,0,0,False,False,False,1,0,0,0,0,0,0,0,1,0,0
542,1201,1,0,0,0,0,0,0,False,False,False,0,1,0,0,0,0,0,0,1,0,0
543,1205,1,0,0,0,0,0,0,False,False,True,1,0,0,0,0,0,0,0,1,0,0
547,1214,1,0,0,0,0,0,0,False,False,False,0,1,0,0,0,0,0,0,1,0,0
548,1216,1,0,0,0,0,0,0,False,False,False,0,0,0,0,1,0,0,0,0,0,1
549,1217,0,1,0,0,0,0,1,False,False,False,1,0,0,0,0,0,0,0,1,0,0
553,1223,1,0,0,0,0,0,0,True,False,False,1,0,0,0,0,0,0,0,1,0,0
554,1226,1,0,0,0,0,0,0,False,False,False,0,1,0,0,0,0,0,0,1,0,0
555,1230,1,0,0,0,0,0,0,False,False,False,1,0,0,0,0,0,0,0,1,0,0
556,1235,1,0,0,0,0,0,0,False,False,False,0,1,0,0,0,0,0,0,1,0,0
565,1249,1,0,0,0,0,0,0,True,False,False,0,0,0,0,1,0,0,0,1,0,0
567,1251,1,0,0,0,1,0,1,False,False,False,0,1,0,0,0,0,0,0,1,0,0
571,1262,0,0,0,0,1,0,0,False,False,True,0,1,0,0,0,0,0,0,1,0,0
574,1271,0,1,0,0,0,0,0,False,True,False,0,0,1,0,0,0,0,0,1,0,0
576,1273,1,0,0,0,0,0,0,False,False,False,0,0,1,0,0,0,0,0,1,0,0
577,1275,1,0,0,0,0,0,0,False,False,False,0,0,1,0,0,0,0,0,1,0,0
578,1276,1,0,0,0,0,0,1,False,False,True,1,0,0,0,0,0,0,0,1,0,0
579,1277,0,0,0,0,1,0,0,False,False,False,0,1,0,0,0,0,0,0,1,0,0
581,1285,1,0,0,0,1,0,0,False,False,False,1,0,0,0,0,0,0,0,1,0,0
582,1286,1,0,0,0,0,0,0,True,False,False,1,0,0,0,0,0,0,0,1,0,0
583,1288,1,0,0,0,0,0,0,False,False,False,0,0,1,0,0,0,0,0,1,0,0
584,1289,0,0,0,0,1,0,0,False,False,False,0,0,1,0,0,0,0,0,1,0,0
587,1300,1,0,0,0,0,0,1,False,False,False,0,0,1,0,0,0,0,0,1,0,0
593,1319,1,0,0,0,0,0,0,True,False,False,1,0,0,0,0,0,0,0,1,0,0
595,1321,1,0,0,0,0,0,0,False,False,True,0,0,1,0,0,0,0,0,1,0,0
596,1327,0,1,0,0,0,0,1,False,False,False,0,0,1,0,0,0,0,0,1,0,0
598,1333,0,0,0,0,1,0,0,True,False,False,0,1,0,0,0,0,0,0,1,0,0
603,1347,1,1,0,0,0,0,0,False,False,True,0,0,1,0,0,0,0,0,1,0,0
604,1351,1,0,0,0,0,0,0,True,False,False,1,0,0,0,0,0,0,0,1,0,0
610,1362,1,0,0,0,0,0,0,False,False,True,0,0,1,0,0,0,0,0,0,0,1
613,1368,1,0,0,0,0,0,0,False,False,False,0,1,0,0,0,0,0,0,1,0,0
616,1380,1,0,0,0,1,0,0,True,False,False,0,1,0,0,0,0,0,0,1,0,0
617,1389,1,0,0,0,0,0,0,False,False,False,0,0,0,0,1,0,0,0,1,0,0
621,1399,0,0,0,0,1,0,0,False,False,False,0,0,1,0,0,0,0,0,1,0,0
625,1420,1,0,0,0,0,0,0,False,False,False,0,1,0,0,0,0,0,0,1,0,0
626,1424,1,0,0,0,0,0,0,False,False,False,0,0,0,1,0,0,0,0,1,0,0
631,1441,0,0,0,0,1,0,0,False,False,False,0,1,0,0,0,0,0,0,1,0,0
633,1445,1,0,0,0,0,0,0,False,True,False,0,1,0,0,0,0,0,0,1,0,0
637,1456,1,0,0,0,0,0,0,False,False,False,0,1,0,0,0,0,0,0,1,0,0
638,1459,1,0,0,0,0,0,0,False,True,False,0,1,0,0,0,0,0,0,1,0,0
639,1462,0,0,0,0,1,0,0,False,False,True,0,0,1,0,0,0,0,0,1,0,0
642,1466,1,0,0,0,0,0,0,False,False,False,0,1,0,0,0,0,0,0,1,0,0
643,1467,1,0,0,0,0,0,0,False,False,False,0,0,1,0,0,0,0,0,1,0,0
644,1468,1,0,0,0,0,0,0,False,False,False,1,0,0,0,0,0,0,0,1,0,0
645,1474,1,0,0,0,0,0,0,True,False,False,0,1,0,0,0,0,0,0,1,0,0
646,1477,0,0,0,0,1,0,0,False,False,True,0,1,0,0,0,0,0,0,1,0,0
649,1489,1,0,0,0,0,0,0,False,True,False,0,1,0,0,0,0,0,0,1,0,0
652,1498,1,0,0,0,0,0,0,False,True,False,1,0,0,0,0,0,0,0,1,0,0
654,1501,1,0,0,0,0,0,1,False,False,True,1,0,0,0,0,0,0,1,0,0,0
659,1522,1,0,0,0,0,0,0,False,True,False,0,0,1,0,0,0,0,0,1,0,0
661,1526,0,1,0,0,0,0,0,False,False,False,0,1,0,0,0,0,0,0,1,0,0
662,1529,1,0,0,0,0,0,0,False,False,False,0,0,0,1,0,0,0,0,1,0,0
663,1532,1,0,0,0,0,0,0,False,False,False,0,1,0,0,0,0,0,0,1,0,0
664,1534,1,0,0,0,0,0,0,False,False,True,0,0,1,0,0,0,0,0,0,0,1
666,1541,1,0,0,0,0,0,0,False,False,False,1,0,0,0,0,0,0,0,1,0,0
667,1542,0,1,0,0,0,0,0,False,True,False,0,0,1,0,0,0,0,0,1,0,0
671,1552,1,0,0,0,0,0,0,False,False,False,0,1,0,0,0,0,0,0,1,0,0
672,1560,0,0,1,0,0,0,0,False,False,False,0,0,1,0,0,0,0,0,1,0,0
673,1564,1,0,0,0,0,0,0,False,True,False,0,0,1,0,0,0,0,0,1,0,0
676,1570,1,0,0,0,0,0,0,False,False,False,0,1,0,0,0,0,0,0,1,0,0
679,1583,1,0,0,1,0,0,0,False,False,False,0,0,1,0,0,0,0,0,1,0,0
680,1584,1,0,0,0,0,0,0,False,False,False,1,0,0,0,0,0,0,0,1,0,0
682,1586,1,0,0,0,0,0,0,True,False,False,0,0,0,1,0,0,0,0,1,0,0
684,1593,1,0,0,0,0,0,0,True,False,False,1,0,0,0,0,0,0,0,1,0,0
686,1596,1,0,0,0,0,0,0,True,False,False,0,0,1,0,0,0,0,0,1,0,0
687,1597,0,0,0,0,1,0,0,False,False,False,0,1,0,0,0,0,0,0,1,0,0
689,1600,1,1,0,0,1,0,0,False,False,True,0,0,1,0,0,0,0,0,1,0,0
691,1605,0,0,0,0,1,0,1,False,False,True,0,1,0,0,0,0,0,0,1,0,0
695,1616,1,0,0,0,0,0,0,False,False,False,1,0,0,0,0,0,0,0,1,0,0
696,1617,1,1,0,0,0,0,0,False,False,False,0,0,1,0,0,0,0,0,1,0,0
698,1619,0,1,0,0,0,0,1,False,False,False,0,0,1,0,0,0,0,0,1,0,0
700,1626,0,0,0,0,1,0,1,False,False,False,0,1,0,0,0,0,0,0,1,0,0
701,1627,1,0,0,0,0,0,0,False,False,False,0,0,0,1,0,0,0,0,1,0,0
704,1636,1,0,0,0,0,0,0,False,False,False,0,0,0,1,0,0,0,0,1,0,0
705,1640,1,0,0,0,0,0,0,True,False,False,0,0,1,0,0,0,0,0,1,0,0
714,1673,1,0,0,0,0,0,0,False,False,False,1,0,0,0,0,0,0,0,1,0,0
716,1675,1,0,0,0,0,0,0,False,False,False,1,0,0,0,0,0,0,0,1,0,0
717,1680,1,0,0,0,0,0,0,False,True,False,0,0,1,0,0,0,0,0,1,0,0
718,1693,0,0,0,0,0,1,1,False,False,True,1,0,0,0,0,0,0,0,0,0,1
719,1696,1,0,0,0,0,0,0,True,False,False,0,1,0,0,0,0,0,0,1,0,0
720,1697,1,0,0,0,0,0,0,False,False,True,1,0,0,0,0,0,0,0,1,0,0
725,1709,1,0,0,0,0,0,0,False,False,False,0,0,0,1,0,0,0,0,1,0,0
727,1716,1,0,0,0,0,0,0,False,False,False,0,0,1,0,0,0,0,0,1,0,0
735,1743,1,0,0,0,0,0,0,False,False,False,1,0,0,0,0,0,0,0,1,0,0
736,1749,1,0,0,0,0,0,0,True,False,False,1,0,0,0,0,0,0,0,1,0,0
738,1756,0,0,0,0,0,1,1,False,False,False,0,0,1,0,0,0,0,0,1,0,0
744,1779,0,1,0,0,0,0,0,False,False,False,1,0,0,0,0,0,0,0,1,0,0
746,1796,1,0,0,0,1,0,0,False,False,False,0,0,0,1,0,0,0,0,1,0,0
747,1798,1,0,0,0,0,0,0,False,False,True,1,0,0,0,0,0,0,0,1,0,0
753,1827,0,1,0,0,0,0,1,False,False,False,0,1,0,0,0,0,0,0,1,0,0
758,1834,1,1,0,0,0,0,0,False,False,False,0,0,0,1,0,0,0,0,0,0,1
762,1859,1,0,0,0,0,0,0,True,False,False,0,1,0,0,0,0,0,0,1,0,0
763,1862,0,0,0,0,1,0,1,False,False,False,0,0,0,1,0,0,0,0,1,0,0
768,1882,1,0,0,0,0,0,0,False,True,False,0,1,0,0,0,0,0,0,1,0,0
769,1883,0,0,0,0,1,0,0,False,False,False,0,0,1,0,0,0,0,0,1,0,0
776,1922,1,0,0,0,0,0,0,False,False,False,0,1,0,0,0,0,0,0,1,0,0
779,1934,0,0,0,0,0,1,0,False,False,False,1,0,0,0,0,0,0,0,0,1,0
780,1936,1,0,0,0,0,0,0,True,False,False,0,1,0,0,0,0,0,0,1,0,0
787,1962,0,1,0,0,0,0,0,False,True,False,0,0,0,0,0,1,0,0,1,0,0
790,1969,0,0,0,0,1,0,1,False,True,False,0,1,0,0,0,0,0,0,1,0,0
792,1973,0,0,0,0,1,1,1,False,False,False,1,0,0,0,0,0,0,0,1,0,0
794,1975,0,1,0,0,0,0,1,False,False,False,0,1,0,0,0,0,0,0,1,0,0
795,1978,0,1,0,0,0,0,0,False,False,False,0,0,1,0,0,0,0,0,0,0,1
796,1979,0,0,0,0,1,0,1,False,False,False,0,0,1,0,0,0,0,0,0,0,1
798,1984,0,0,0,0,1,0,0,False,False,False,0,1,0,0,0,0,0,0,1,0,0
799,1986,0,0,0,1,0,0,1,True,False,False,0,0,1,0,0,0,0,0,1,0,0
800,1988,0,0,0,0,1,0,1,False,True,False,0,0,1,0,0,0,0,0,1,0,0
801,1998,0,0,0,0,1,0,1,False,False,False,1,0,0,0,0,0,0,0,1,0,0
803,2004,0,1,0,0,0,0,0,False,False,True,0,1,0,0,0,0,0,0,1,0,0
804,2006,0,0,0,0,1,0,0,False,False,False,0,0,1,0,0,0,0,0,1,0,0
813,2042,0,0,0,0,1,0,1,False,False,True,0,1,0,0,0,0,0,0,1,0,0
815,2053,0,1,0,0,0,0,0,False,False,False,0,1,0,0,0,0,0,0,1,0,0
816,2060,0,1,0,0,0,0,1,False,False,False,0,0,1,0,0,0,0,0,1,0,0
817,2075,0,0,0,0,1,1,1,False,True,False,1,0,0,0,0,0,0,0,1,0,0
822,2087,0,0,0,0,1,0,1,False,False,False,0,0,1,0,0,0,0,0,1,0,0
824,2093,0,0,0,0,1,0,1,False,False,False,0,1,0,0,0,0,0,0,1,0,0
826,2102,0,1,0,0,0,0,0,True,False,False,0,1,0,0,0,0,0,0,1,0,0
828,2108,0,1,0,0,0,0,0,False,False,False,1,0,0,0,0,0,0,0,1,0,0
830,2116,0,0,1,1,0,0,1,False,True,False,0,0,0,1,0,0,0,0,1,0,0
833,2121,0,0,0,0,1,0,0,False,False,True,0,0,1,0,0,0,0,0,0,0,1
837,2137,0,1,0,0,1,0,1,False,False,False,0,0,1,0,0,0,0,0,1,0,0
840,2151,0,0,0,1,0,1,1,False,False,False,0,1,0,0,0,0,0,0,0,1,0
844,2159,0,0,1,0,1,0,0,True,False,False,0,0,1,0,0,0,0,0,1,0,0
845,2161,0,1,0,0,0,0,1,False,False,False,1,0,0,0,0,0,0,0,1,0,0
846,2170,0,0,0,0,0,1,1,False,False,False,0,1,0,0,0,0,0,0,1,0,0
849,2187,0,0,0,0,1,0,1,False,False,False,0,1,0,0,0,0,0,0,1,0,0
850,2188,0,1,0,0,0,0,0,False,False,True,0,1,0,0,0,0,0,0,1,0,0
851,2195,0,1,0,0,1,0,0,False,False,False,0,0,1,0,0,0,0,0,0,0,1
852,2198,0,0,0,1,0,0,0,False,False,False,0,0,1,0,0,0,0,0,1,0,0
853,2202,0,0,0,0,1,0,1,False,False,False,0,0,0,0,1,0,0,0,1,0,0
855,2204,0,0,1,0,0,0,1,False,False,False,0,1,0,0,0,0,0,0,1,0,0
856,2206,0,1,0,0,1,0,1,False,False,True,0,0,1,0,0,0,0,0,1,0,0
857,2216,0,0,0,0,0,1,1,False,False,False,1,0,0,0,0,0,0,0,1,0,0
859,2219,1,0,0,0,0,0,0,False,True,True,0,0,1,0,0,0,0,0,1,0,0
864,2232,0,1,0,0,0,0,1,False,False,False,0,0,1,0,0,0,0,0,1,0,0
867,2240,0,1,0,0,0,0,0,False,False,True,0,0,1,0,0,0,0,0,1,0,0
868,2244,0,0,0,0,1,0,1,True,False,False,1,0,0,0,0,0,0,0,1,0,0
869,2246,1,0,0,0,0,0,0,False,False,True,1,0,0,0,0,0,0,0,1,0,0
873,2257,0,0,0,0,1,0,0,False,False,False,0,1,0,0,0,0,0,0,1,0,0
877,2269,1,0,0,0,0,0,0,False,False,False,0,0,0,1,0,0,0,0,1,0,0
878,2271,0,0,0,0,0,1,1,False,False,False,1,0,0,0,0,0,0,0,0,0,1
880,2273,0,1,0,0,1,0,1,False,False,True,0,0,1,0,0,0,0,0,0,0,1
881,2280,0,0,0,0,1,0,1,False,False,False,0,1,0,0,0,0,0,0,1,0,0
883,2286,1,0,0,0,1,0,1,False,False,False,0,1,0,0,0,0,0,0,1,0,0
884,2287,0,0,0,0,1,0,1,False,False,False,1,0,0,0,0,0,0,0,1,0,0
885,2288,1,0,0,0,0,0,0,False,False,True,0,0,0,1,0,0,0,0,1,0,0
886,2290,0,0,0,0,1,0,1,False,False,True,0,0,1,0,0,0,0,0,1,0,0
888,2298,0,1,0,0,1,0,1,False,False,False,1,0,0,0,0,0,0,0,1,0,0
889,2302,0,1,0,0,0,0,0,False,False,False,0,1,0,0,0,0,0,0,1,0,0
890,2307,1,0,0,0,0,0,0,False,False,False,1,0,0,0,0,0,0,0,1,0,0
891,2308,1,1,0,0,0,0,0,False,False,False,0,0,0,1,0,0,0,0,1,0,0
892,2312,0,1,0,0,0,0,0,True,False,False,0,1,0,0,0,0,0,0,1,0,0
899,2337,1,1,1,0,1,1,1,False,False,False,0,0,1,0,0,0,0,0,0,1,0
900,2338,0,0,0,0,1,0,1,False,False,True,1,0,0,0,0,0,0,0,1,0,0
901,2339,1,0,0,0,0,0,0,False,False,False,0,1,0,0,0,0,0,0,1,0,0
906,2358,0,1,0,0,0,0,1,False,False,False,0,1,0,0,0,0,0,0,1,0,0
909,2363,0,1,0,0,0,0,0,False,False,True,0,0,0,1,0,0,0,0,1,0,0
910,2364,0,1,0,0,0,0,0,False,False,True,0,0,1,0,0,0,0,0,1,0,0
911,2370,0,0,0,0,1,0,0,False,False,False,0,0,1,0,0,0,0,0,1,0,0
913,2378,0,0,0,0,1,0,0,False,False,False,0,0,1,0,0,0,0,0,0,0,1
914,2379,1,0,0,0,0,0,0,False,False,True,0,0,1,0,0,0,0,0,1,0,0
915,2382,0,1,0,0,0,0,0,False,False,False,1,0,0,0,0,0,0,0,1,0,0
917,2386,0,0,0,0,1,0,0,True,False,False,1,0,0,0,0,0,0,0,1,0,0
918,2388,0,0,0,0,1,0,1,False,True,False,0,0,1,0,0,0,0,0,1,0,0
919,2394,0,1,0,0,0,0,0,False,False,False,0,0,0,1,0,0,0,0,0,1,0
920,2396,0,1,0,0,0,0,1,False,True,False,0,0,1,0,0,0,0,0,1,0,0
922,2409,0,1,0,0,0,0,0,False,False,False,0,1,0,0,0,0,0,0,1,0,0
923,2414,1,0,0,0,0,0,0,True,False,False,0,0,0,1,0,0,0,0,1,0,0
924,2416,0,0,0,0,0,1,0,False,False,False,0,1,0,0,0,0,0,0,1,0,0
928,2429,0,1,0,0,0,0,1,True,False,False,0,0,1,0,0,0,0,0,1,0,0
930,2439,0,0,0,0,1,0,1,False,False,True,0,1,0,0,0,0,0,0,1,0,0
931,2449,0,0,0,0,1,0,1,False,True,False,1,0,0,0,0,0,0,0,1,0,0
934,2457,0,0,0,0,0,1,0,False,False,False,0,1,0,0,0,0,0,0,1,0,0
935,2459,0,0,0,0,0,1,1,False,False,True,1,0,0,0,0,0,0,0,1,0,0
936,2467,0,0,0,1,1,0,1,False,False,False,0,1,0,0,0,0,0,0,1,0,0
937,2471,0,0,0,1,0,0,0,False,False,False,0,1,0,0,0,0,0,0,1,0,0
939,2476,0,0,0,0,1,0,1,False,False,False,0,0,0,0,1,0,0,0,1,0,0
945,2506,0,1,0,0,0,0,1,False,False,True,0,1,0,0,0,0,0,0,1,0,0
946,2508,0,1,0,0,0,0,0,False,False,True,0,1,0,0,0,0,0,0,1,0,0
950,2524,0,0,0,0,1,0,1,False,False,False,0,1,0,0,0,0,0,0,1,0,0
956,2540,1,0,0,0,0,0,0,False,False,False,1,0,0,0,0,0,0,0,1,0,0
958,2546,1,0,0,0,0,0,0,False,False,False,0,0,1,0,0,0,0,0,0,1,0
959,2548,0,0,0,0,1,0,0,True,False,False,0,0,1,0,0,0,0,0,0,1,0
961,2559,0,0,0,0,1,0,1,False,False,False,0,0,1,0,0,0,0,0,1,0,0
962,2567,0,0,0,0,1,0,1,False,False,False,0,0,0,0,1,0,0,0,1,0,0
965,2575,0,0,0,0,1,0,1,False,True,False,0,0,0,0,1,0,0,0,1,0,0
967,2584,0,0,0,0,1,0,1,False,False,False,0,0,1,0,0,0,0,0,0,0,1
969,2600,1,0,0,0,0,0,1,False,False,False,0,0,0,1,0,0,0,0,1,0,0
975,2629,0,1,0,0,0,0,0,False,True,False,0,1,0,0,0,0,0,0,1,0,0
977,2644,0,1,0,0,0,0,1,False,False,False,0,0,1,0,0,0,0,0,1,0,0
979,2648,0,1,0,0,0,0,0,False,False,False,1,0,0,0,0,0,0,0,1,0,0
980,2656,0,1,0,0,0,0,1,False,False,False,0,1,0,0,0,0,0,0,0,0,1
981,2657,0,0,0,0,1,0,1,False,False,False,0,0,1,0,0,0,0,0,0,0,1
982,2663,0,1,0,0,0,0,0,False,False,False,0,0,0,0,1,0,0,0,1,0,0
984,2669,0,0,0,0,1,0,1,True,False,False,1,0,0,0,0,0,0,0,1,0,0
985,2676,1,1,0,0,0,0,1,False,True,False,0,1,0,0,0,0,0,0,1,0,0
987,2685,0,0,0,0,1,0,1,False,False,True,0,0,1,0,0,0,0,0,1,0,0
988,2686,0,1,0,0,0,0,0,False,False,False,0,0,0,1,0,0,0,0,1,0,0
989,2690,0,0,0,0,1,0,1,False,False,False,0,1,0,0,0,0,0,0,1,0,0
990,2693,1,0,0,0,0,0,0,True,False,False,1,0,0,0,0,0,0,0,1,0,0
991,2698,1,0,0,0,0,0,0,False,False,False,0,0,0,0,1,0,0,0,1,0,0
993,2702,0,0,0,0,1,0,0,False,False,False,0,0,0,1,0,0,0,0,1,0,0
994,2703,0,0,0,0,1,0,0,False,False,False,0,0,1,0,0,0,0,0,1,0,0
995,2704,1,0,0,0,0,0,0,False,False,True,0,0,0,1,0,0,0,0,1,0,0
996,2705,1,0,0,0,0,0,0,False,False,False,0,1,0,0,0,0,0,0,1,0,0
997,2706,0,0,0,0,1,0,1,False,False,False,0,1,0,0,0,0,0,0,1,0,0
998,2730,1,0,0,0,1,0,0,False,False,False,0,1,0,0,0,0,0,0,1,0,0
999,2732,1,0,0,0,0,0,0,False,True,False,0,0,0,0,0,1,0,0,1,0,0
1000,2733,1,1,0,0,0,0,0,False,False,False,0,0,0,0,0,1,0,0,1,0,0
1001,2735,0,1,0,0,0,0,0,False,False,False,0,0,0,0,1,0,0,0,1,0,0
1002,2738,1,0,0,0,0,0,0,False,False,True,0,0,0,0,1,0,0,0,1,0,0
1003,2742,1,0,0,0,0,0,0,False,False,False,0,0,0,0,0,1,0,0,1,0,0
1005,2745,1,0,0,0,0,0,0,False,True,False,0,0,0,0,1,0,0,0,1,0,0
1006,2746,1,0,0,0,0,0,0,False,False,True,0,0,0,0,1,0,0,0,1,0,0
1007,2747,1,0,0,0,0,0,0,False,False,False,0,0,0,0,1,0,0,0,1,0,0
1008,2748,1,0,0,0,0,0,0,False,False,False,0,0,0,0,1,0,0,0,1,0,0
1009,2751,1,0,0,0,0,0,0,False,False,False,0,0,0,0,1,0,0,0,1,0,0
1013,2758,1,0,0,0,0,0,0,False,False,False,0,0,0,1,0,0,0,0,1,0,0
1015,2764,1,0,0,0,0,0,0,False,False,False,0,0,0,1,0,0,0,0,1,0,0
1016,2766,1,0,0,0,0,0,0,True,False,False,0,1,0,0,0,0,0,0,1,0,0
1017,2767,1,0,0,0,0,0,0,False,True,False,0,0,0,1,0,0,0,0,1,0,0
1019,2769,1,1,0,0,0,0,0,False,False,False,0,1,0,0,0,0,0,0,1,0,0
1020,2770,1,0,0,0,0,0,0,False,False,False,0,0,0,0,1,0,0,0,1,0,0
1021,2771,0,0,0,0,0,0,0,False,False,False,0,0,0,1,0,0,0,0,1,0,0
1022,2773,1,0,0,0,0,0,0,True,False,False,0,0,1,0,0,0,0,0,1,0,0
1023,2775,1,0,0,0,0,0,0,False,False,False,0,0,1,0,0,0,0,0,0,0,1
1024,2776,1,0,0,0,0,0,0,False,False,False,0,1,0,0,0,0,0,0,1,0,0
1026,2783,0,1,0,0,0,0,0,False,False,False,0,0,1,0,0,0,0,0,0,1,0
1029,2789,1,0,0,0,0,0,0,False,False,True,0,0,0,0,1,0,0,0,1,0,0
1033,2793,1,1,0,0,0,0,0,False,False,True,0,0,1,0,0,0,0,0,1,0,0
1034,2794,1,0,0,0,0,0,0,True,False,False,0,0,0,1,0,0,0,0,1,0,0
1035,2796,1,0,0,0,0,0,0,False,True,False,0,0,1,0,0,0,0,0,1,0,0
1036,2798,1,0,0,0,0,0,0,True,False,False,0,0,0,1,0,0,0,0,1,0,0
1037,2802,0,0,0,0,1,0,1,False,False,True,0,0,1,0,0,0,0,0,1,0,0
1038,2808,1,0,0,0,0,0,0,False,True,False,0,0,0,1,0,0,0,0,0,0,1
1039,2811,1,0,0,0,0,0,0,False,True,False,0,0,1,0,0,0,0,0,1,0,0
1041,2814,1,0,0,0,0,0,0,False,False,False,0,0,0,1,0,0,0,0,1,0,0
1043,2817,1,0,0,0,0,0,0,False,False,False,0,0,1,0,0,0,0,0,1,0,0
1045,2825,1,0,0,0,0,0,0,False,False,True,0,0,0,1,0,0,0,0,1,0,0
1049,2832,0,0,0,0,1,0,0,True,False,False,0,0,0,0,0,1,0,0,1,0,0
1055,2848,1,0,0,0,1,0,0,True,False,False,0,1,0,0,0,0,0,0,1,0,0
1056,2850,1,0,0,0,0,0,0,False,False,False,0,0,1,0,0,0,0,0,1,0,0
1057,2852,1,0,0,0,0,0,0,False,False,False,0,1,0,0,0,0,0,0,0,0,1
1059,2856,1,0,0,0,0,0,0,False,True,False,0,1,0,0,0,0,0,0,1,0,0
1060,2858,1,0,0,0,0,0,0,False,False,True,0,0,1,0,0,0,0,0,1,0,0
1065,2878,1,0,0,0,0,0,0,False,False,False,0,1,0,0,0,0,0,0,1,0,0
1068,2881,0,0,0,0,1,0,0,False,False,False,0,0,1,0,0,0,0,0,0,1,0
1070,2883,1,0,0,0,0,0,0,False,True,False,0,1,0,0,0,0,0,0,1,0,0
1071,2884,1,0,0,0,0,0,0,False,False,True,1,0,0,0,0,0,0,0,1,0,0
1072,2885,1,0,0,0,0,0,0,False,False,False,0,0,0,0,0,0,1,0,1,0,0
1073,2886,0,1,0,0,0,0,0,False,False,False,0,0,1,0,0,0,0,0,1,0,0
1075,2890,0,0,0,0,1,0,0,False,True,False,0,0,1,0,0,0,0,0,1,0,0
1076,2895,0,0,0,0,1,0,0,False,False,False,0,0,0,0,1,0,0,0,1,0,0
1077,2896,1,0,0,0,0,0,0,False,False,False,0,0,0,1,0,0,0,0,1,0,0
1078,2899,1,0,0,0,0,0,0,False,False,True,0,0,1,0,0,0,0,0,1,0,0
1081,2905,1,0,0,0,0,0,0,False,False,True,0,0,0,1,0,0,0,0,1,0,0
1082,2906,1,0,0,0,0,0,0,False,False,True,0,1,0,0,0,0,0,0,0,0,1
1083,2908,1,0,0,0,0,0,0,False,False,False,0,0,0,1,0,0,0,0,1,0,0
1084,2910,1,1,0,0,0,0,0,False,False,False,0,1,0,0,0,0,0,0,0,0,1
1085,2911,1,0,0,0,0,0,0,False,True,False,0,0,0,1,0,0,0,0,1,0,0
1086,2914,0,0,0,0,1,0,0,True,False,False,0,0,0,1,0,0,0,0,1,0,0
1091,2922,1,0,0,0,0,0,0,False,False,False,0,0,1,0,0,0,0,0,1,0,0
1092,2923,1,0,0,0,0,0,0,False,False,False,0,1,0,0,0,0,0,0,1,0,0
1096,2936,1,0,0,0,0,0,0,False,False,False,0,1,0,0,0,0,0,0,1,0,0
1097,2937,1,0,0,0,0,0,0,False,False,False,0,0,1,0,0,0,0,0,1,0,0
1098,2938,0,0,0,0,0,0,0,False,True,False,0,1,0,0,0,0,0,0,0,0,1
1099,2939,1,0,0,0,0,0,0,False,False,False,0,0,1,0,0,0,0,0,1,0,0
1103,2948,1,0,0,0,0,0,0,False,False,True,0,0,1,0,0,0,0,0,1,0,0
1110,2965,1,0,0,0,0,0,0,False,False,False,0,0,1,0,0,0,0,0,1,0,0
1111,2967,0,0,0,1,0,0,0,False,False,True,0,0,1,0,0,0,0,0,1,0,0
1113,2970,1,0,0,0,0,0,0,False,False,False,0,1,0,0,0,0,0,0,1,0,0
1114,2971,0,0,1,0,0,0,0,False,False,False,0,1,0,0,0,0,0,0,1,0,0
1116,2976,1,0,0,0,1,0,0,False,False,False,0,1,0,0,0,0,0,0,1,0,0
1118,2981,0,0,0,0,1,0,0,False,False,False,0,0,1,0,0,0,0,0,0,1,0
1122,2993,1,0,0,0,0,0,0,False,False,False,0,0,0,1,0,0,0,0,1,0,0
1123,2995,1,0,0,0,0,0,0,False,False,False,0,0,0,1,0,0,0,0,1,0,0
1125,2999,1,0,0,0,0,0,0,False,False,False,0,0,1,0,0,0,0,0,1,0,0
1126,3000,1,0,0,0,0,0,0,False,False,False,0,0,1,0,0,0,0,0,1,0,0
1127,3002,0,0,0,0,0,0,1,False,True,False,0,0,1,0,0,0,0,0,1,0,0
1128,3005,0,0,0,1,0,0,1,False,False,False,0,1,0,0,0,0,0,0,1,0,0
1131,3013,1,0,0,0,0,0,0,False,False,False,1,0,0,0,0,0,0,0,1,0,0
1134,3020,0,0,0,0,1,0,0,True,False,False,0,0,1,0,0,0,0,0,1,0,0
1140,3031,0,1,0,0,0,0,1,False,False,False,0,0,0,0,1,0,0,0,1,0,0
1143,3044,0,0,0,1,0,0,1,False,False,False,0,0,0,0,0,0,1,0,1,0,0
1145,3050,1,0,0,0,0,0,0,True,False,False,0,0,0,1,0,0,0,0,1,0,0
1146,3054,0,0,0,0,1,0,0,False,False,False,0,0,0,1,0,0,0,0,0,1,0
1149,3060,0,1,0,0,0,0,1,False,False,False,1,0,0,0,0,0,0,0,1,0,0
1150,3061,1,1,0,0,0,0,0,False,False,False,0,0,0,1,0,0,0,0,1,0,0
1153,3067,0,0,0,0,1,0,0,False,False,False,0,1,0,0,0,0,0,0,1,0,0
1154,3069,0,1,0,0,1,0,1,False,True,False,0,0,0,1,0,0,0,0,1,0,0
1155,3071,0,1,0,0,0,0,0,False,False,False,0,1,0,0,0,0,0,0,1,0,0
1158,3078,0,1,0,0,0,0,1,False,False,False,0,0,1,0,0,0,0,0,1,0,0
1160,3084,0,0,0,0,1,0,1,True,False,False,1,0,0,0,0,0,0,0,1,0,0
1161,3085,0,0,0,0,1,0,1,False,False,False,1,0,0,0,0,0,0,0,1,0,0
1165,3090,0,0,0,0,1,0,1,False,True,False,0,0,1,0,0,0,0,0,1,0,0
1166,3095,0,0,0,0,1,0,1,False,False,False,0,0,1,0,0,0,0,0,1,0,0
1167,3096,0,1,0,0,0,0,1,False,False,False,0,0,1,0,0,0,0,0,1,0,0
1170,3102,1,0,0,0,0,0,0,False,False,False,0,0,0,1,0,0,0,0,1,0,0
1171,3106,0,0,0,0,1,0,1,False,True,False,1,0,0,0,0,0,0,0,1,0,0
1172,3114,1,0,0,0,0,0,0,False,False,False,0,1,0,0,0,0,0,0,1,0,0
1173,3115,1,0,0,0,0,0,0,False,False,False,0,0,0,1,0,0,0,0,1,0,0
1175,3120,1,0,0,0,0,0,0,False,False,False,0,0,1,0,0,0,0,0,1,0,0
1177,3127,1,0,0,0,0,0,0,False,True,False,0,1,0,0,0,0,0,0,1,0,0
1178,3137,0,0,0,0,1,0,1,False,False,False,1,0,0,0,0,0,0,0,1,0,0
1179,3139,0,0,0,0,1,0,1,False,True,False,0,1,0,0,0,0,0,0,1,0,0
1180,3143,0,0,0,0,1,0,1,False,False,False,0,1,0,0,0,0,0,0,1,0,0
1181,3144,1,0,1,0,0,0,0,False,True,False,0,1,0,0,0,0,0,0,1,0,0
1182,3147,0,0,0,0,1,0,1,False,False,False,0,0,1,0,0,0,0,0,1,0,0
1183,3152,1,0,0,0,0,0,0,False,False,False,0,1,0,0,0,0,0,0,0,1,0
1185,3158,1,0,0,0,0,0,0,True,False,False,0,0,0,0,1,0,0,0,1,0,0
1186,3169,1,0,0,0,0,0,0,False,False,False,0,1,0,0,0,0,0,0,1,0,0
1187,3170,0,0,0,0,1,0,1,False,True,False,0,0,0,1,0,0,0,0,1,0,0
1189,3176,1,0,0,0,0,0,0,False,False,False,0,1,0,0,0,0,0,0,1,0,0
1191,3193,1,0,0,0,0,0,0,False,False,False,0,0,0,1,0,0,0,0,1,0,0
1194,3204,1,0,0,0,0,0,0,False,False,False,1,0,0,0,0,0,0,0,1,0,0
1195,3210,0,0,0,0,1,0,1,False,False,True,1,0,0,0,0,0,0,0,1,0,0
1198,3217,1,0,0,0,0,0,0,False,False,False,0,0,1,0,0,0,0,0,1,0,0
1200,3237,1,0,0,0,0,0,0,True,False,False,0,0,0,0,1,0,0,0,1,0,0
1201,3238,0,0,1,0,0,0,0,False,False,False,0,1,0,0,0,0,0,0,1,0,0
1202,3240,0,0,0,0,1,0,1,False,False,False,1,0,0,0,0,0,0,0,1,0,0
1203,3245,1,0,0,0,0,0,0,False,True,False,0,1,0,0,0,0,0,0,1,0,0
1205,3260,0,0,0,0,1,0,1,False,False,False,1,0,0,0,0,0,0,0,1,0,0
1206,3262,0,1,0,0,0,0,0,True,False,False,1,0,0,0,0,0,0,0,1,0,0
1207,3265,1,0,0,0,0,0,0,False,False,False,0,1,0,0,0,0,0,0,1,0,0
1208,3268,0,1,0,0,0,0,1,False,True,False,0,0,1,0,0,0,0,0,1,0,0
1209,3276,0,0,0,0,0,1,0,False,False,True,0,0,1,0,0,0,0,0,1,0,0
1210,3277,1,0,0,0,0,1,0,False,False,False,0,0,0,1,0,0,0,0,1,0,0
1211,3279,1,0,0,0,0,0,0,False,True,False,0,1,0,0,0,0,0,0,0,0,1
1212,3283,1,0,0,0,0,0,0,False,False,False,0,0,1,0,0,0,0,0,1,0,0
1213,3285,1,0,0,0,0,0,0,False,False,False,0,0,1,0,0,0,0,0,1,0,0
1214,3287,1,0,0,0,0,0,0,False,False,False,0,0,0,1,0,0,0,0,1,0,0
1215,3290,0,0,0,0,1,0,1,False,False,False,0,1,0,0,0,0,0,0,1,0,0
1216,3292,1,0,0,0,0,0,0,True,False,False,0,1,0,0,0,0,0,0,1,0,0
1218,3296,0,0,0,0,1,1,0,False,False,False,0,0,0,1,0,0,0,0,1,0,0
1219,3301,0,0,0,0,1,0,1,False,False,True,0,1,0,0,0,0,0,0,1,0,0
1227,3338,1,0,0,0,0,0,0,True,False,False,0,0,1,0,0,0,0,0,1,0,0
1228,3346,1,0,0,0,0,0,0,False,False,False,0,0,0,0,1,0,0,0,1,0,0
1230,3350,1,0,0,0,1,0,0,False,False,False,0,1,0,0,0,0,0,0,0,0,1
1238,3363,0,0,0,0,1,0,1,False,False,False,0,0,0,1,0,0,0,0,0,0,1
1239,3366,1,0,0,0,0,0,0,False,False,False,0,0,0,0,1,0,0,0,0,0,1
1245,3378,1,0,0,0,0,0,0,True,False,False,0,0,1,0,0,0,0,0,0,0,1
1248,3396,0,0,0,0,1,0,0,True,False,False,0,0,0,0,1,0,0,0,0,0,1
1250,3399,1,0,0,0,0,0,0,False,False,False,0,0,1,0,0,0,0,0,0,0,1
1264,3421,0,0,0,0,1,0,1,False,False,False,0,1,0,0,0,0,0,0,0,0,1
1267,3429,1,0,0,0,0,0,0,False,False,False,1,0,0,0,0,0,0,0,0,0,1
1270,3435,0,1,0,0,0,0,0,True,False,False,0,0,0,1,0,0,0,0,0,0,1
1276,3448,1,0,0,0,0,0,0,False,False,False,0,0,0,1,0,0,0,0,0,0,1
1279,3452,0,1,0,0,0,0,0,False,False,False,0,1,0,0,0,0,0,0,0,0,1
1287,3469,1,1,0,0,0,0,0,True,False,False,1,0,0,0,0,0,0,0,0,0,1
1296,3490,0,0,0,0,1,0,1,True,False,False,0,1,0,0,0,0,0,0,0,0,1
1300,3501,1,0,0,0,0,0,0,False,True,False,0,0,0,1,0,0,0,0,0,0,1
1301,3502,1,0,0,1,0,0,0,False,False,False,0,0,1,0,0,0,0,0,0,0,1
1302,3503,1,0,0,0,0,0,0,True,False,False,0,1,0,0,0,0,0,0,0,0,1
1305,3508,0,1,0,0,0,0,0,False,False,False,0,0,0,1,0,0,0,0,0,0,1
1306,3514,1,1,0,0,0,0,0,False,False,False,1,0,0,0,0,0,0,0,0,0,1
1307,3516,0,0,0,0,1,0,1,False,False,False,0,0,0,0,1,0,0,0,1,0,0
1311,3526,0,0,0,1,0,0,0,False,False,False,0,1,0,0,0,0,0,0,0,0,1
1315,3537,0,0,0,0,1,0,1,True,False,False,1,0,0,0,0,0,0,0,0,0,1
1319,3550,0,1,0,0,1,1,1,False,False,False,0,0,1,0,0,0,0,0,1,0,0
1321,3554,1,0,0,0,0,0,0,False,False,False,1,0,0,0,0,0,0,0,1,0,0
1323,3562,1,0,0,0,0,0,0,True,False,False,0,1,0,0,0,0,0,0,1,0,0
1326,3576,0,0,0,0,1,0,1,False,False,False,0,0,1,0,0,0,0,0,1,0,0
1327,3582,0,1,0,0,1,0,1,False,True,False,0,0,0,1,0,0,0,1,0,0,0
1328,3583,1,0,0,0,0,0,0,False,False,False,0,0,1,0,0,0,0,0,1,0,0
1331,3587,0,0,0,0,1,0,0,False,True,False,0,0,1,0,0,0,0,0,1,0,0
1333,3590,0,0,0,0,1,0,0,False,False,False,0,1,0,0,0,0,0,0,1,0,0
1334,3592,0,0,0,0,1,0,0,False,False,False,1,0,0,0,0,0,0,0,1,0,0
1335,3594,1,0,0,0,0,0,0,False,False,False,0,1,0,0,0,0,0,0,1,0,0
1337,3602,1,0,0,0,0,0,0,True,False,False,1,0,0,0,0,0,0,0,1,0,0
1338,3603,1,0,0,0,0,0,0,False,False,False,1,0,0,0,0,0,0,0,1,0,0
1342,3612,1,0,0,0,0,0,0,False,False,False,1,0,0,0,0,0,0,0,1,0,0
1346,3631,0,0,0,0,0,1,0,False,False,True,0,0,0,1,0,0,0,0,1,0,0
1347,3634,0,0,0,0,1,0,0,False,False,False,0,0,0,1,0,0,0,0,1,0,0
1349,3641,1,0,0,0,0,0,0,False,False,False,0,0,1,0,0,0,0,0,1,0,0
1351,3643,1,0,0,0,0,0,0,False,False,False,1,0,0,0,0,0,0,0,1,0,0
1354,3652,1,0,0,0,0,0,0,False,False,False,1,0,0,0,0,0,0,0,1,0,0
1357,3662,1,0,0,0,0,0,0,False,False,False,0,1,0,0,0,0,0,0,1,0,0
1361,3668,0,0,0,0,1,0,1,False,True,False,0,0,1,0,0,0,0,0,1,0,0
1369,3691,1,0,0,0,0,0,0,True,False,False,0,1,0,0,0,0,0,0,1,0,0
1370,3692,1,0,0,0,0,0,0,False,False,False,0,0,1,0,0,0,0,0,1,0,0
1376,3712,1,0,0,0,0,0,0,False,False,False,0,0,0,0,1,0,0,0,1,0,0
1378,3715,0,1,0,0,0,0,1,False,False,False,0,0,0,1,0,0,0,0,1,0,0
1379,3719,0,0,0,0,1,0,0,False,False,False,0,0,0,0,0,1,0,0,0,1,0
1381,3726,0,0,0,0,1,0,1,False,False,False,0,1,0,0,0,0,0,0,1,0,0
1382,3732,1,0,0,0,0,0,0,False,False,True,0,0,0,0,1,0,0,0,1,0,0
1386,3740,0,0,1,0,0,0,1,False,False,False,0,1,0,0,0,0,0,0,1,0,0
1387,3742,1,0,0,0,1,0,0,False,False,False,0,0,1,0,0,0,0,0,1,0,0
1389,3747,1,0,0,0,0,0,0,False,True,False,0,1,0,0,0,0,0,0,1,0,0
1390,3751,0,1,0,0,0,0,0,False,True,False,0,1,0,0,0,0,0,0,1,0,0
1391,3754,0,0,0,0,1,0,0,False,False,True,1,0,0,0,0,0,0,0,1,0,0
1396,3773,0,0,0,0,1,0,1,False,False,False,0,1,0,0,0,0,0,0,1,0,0
1397,3775,0,0,0,0,1,0,0,False,True,False,0,0,1,0,0,0,0,0,1,0,0
1398,3777,0,0,0,0,1,0,0,True,False,False,0,0,0,1,0,0,0,0,1,0,0
1399,3780,1,0,0,0,1,0,0,True,False,False,0,0,1,0,0,0,0,0,1,0,0
1400,3781,0,0,0,0,1,0,1,False,False,False,0,0,1,0,0,0,0,0,1,0,0
1402,3792,1,1,0,0,0,0,0,False,False,False,0,1,0,0,0,0,0,0,1,0,0
1403,3794,0,0,0,0,1,0,1,False,False,True,0,1,0,0,0,0,0,0,1,0,0
1407,3799,0,1,0,0,0,0,0,False,False,True,0,0,1,0,0,0,0,0,1,0,0
1409,3815,1,0,0,0,0,0,0,True,False,False,0,0,0,1,0,0,0,0,1,0,0
1413,3822,0,0,0,0,1,0,0,False,False,False,0,1,0,0,0,0,0,0,1,0,0
1416,3836,0,0,0,0,1,0,1,False,False,True,0,1,0,0,0,0,0,0,1,0,0
1417,3838,0,0,0,0,1,0,1,False,False,True,0,0,1,0,0,0,0,0,1,0,0
1418,3840,1,0,0,0,0,0,0,False,False,True,0,1,0,0,0,0,0,0,1,0,0
1419,3846,0,1,0,0,0,0,1,False,False,True,0,1,0,0,0,0,0,0,1,0,0
1422,3851,1,0,0,0,0,0,0,True,False,False,0,0,0,1,0,0,0,0,1,0,0
1426,3871,0,0,0,0,1,0,0,False,False,True,0,1,0,0,0,0,0,0,0,1,0
1429,3874,0,0,0,0,1,0,0,False,False,False,0,0,0,1,0,0,0,0,1,0,0
1432,3883,0,0,1,0,0,0,0,False,True,False,0,1,0,0,0,0,0,0,1,0,0
1438,3898,1,1,0,0,0,0,0,True,False,False,0,1,0,0,0,0,0,0,1,0,0
1441,3902,0,0,0,0,1,0,1,False,False,False,0,0,1,0,0,0,0,0,1,0,0
1445,3908,1,0,0,0,0,0,0,False,False,True,0,0,0,0,1,0,0,0,1,0,0
1452,3917,0,0,0,0,1,0,0,False,True,False,0,0,1,0,0,0,0,0,1,0,0
1453,3918,0,0,0,0,1,0,1,False,False,True,0,0,1,0,0,0,0,0,1,0,0
1461,3931,1,0,0,0,1,0,0,False,False,False,0,1,0,0,0,0,0,0,1,0,0
1464,3939,1,1,0,0,1,0,0,False,False,False,0,0,1,0,0,0,0,0,1,0,0
1465,3940,0,0,0,0,1,0,1,False,False,False,0,0,1,0,0,0,0,0,1,0,0
1470,3948,0,0,0,0,1,0,1,False,False,False,0,0,1,0,0,0,0,0,1,0,0
1477,3960,1,0,0,0,0,0,0,False,False,False,1,0,0,0,0,0,0,0,1,0,0
1478,3962,0,1,0,0,1,0,1,False,False,True,0,0,1,0,0,0,0,0,1,0,0
1479,3963,0,0,0,0,0,1,1,False,False,False,0,0,0,0,1,0,0,0,1,0,0
1480,3970,0,0,0,0,1,0,1,False,True,False,0,0,1,0,0,0,0,0,1,0,0
1481,3972,1,0,0,0,0,0,0,False,True,False,0,1,0,0,0,0,0,0,1,0,0
1482,3973,0,1,0,0,0,0,1,False,False,False,0,0,1,0,0,0,0,0,1,0,0
1486,3981,0,0,0,0,1,0,0,False,False,True,0,0,0,1,0,0,0,0,1,0,0
1487,3982,0,1,0,0,0,0,0,False,False,True,0,0,0,1,0,0,0,0,1,0,0
1489,3986,0,0,0,0,1,0,1,False,False,False,0,1,0,0,0,0,0,0,1,0,0
1490,3989,1,0,0,0,0,0,0,True,False,False,0,0,0,1,0,0,0,0,1,0,0
1491,3996,1,0,0,0,0,0,0,False,False,False,0,0,0,1,0,0,0,0,1,0,0
1494,4008,0,0,1,0,1,0,0,True,False,False,0,0,1,0,0,0,0,0,1,0,0
1495,4011,1,0,0,0,0,0,0,False,False,False,0,0,1,0,0,0,0,0,1,0,0
1496,4012,1,0,0,0,0,0,0,False,False,True,1,0,0,0,0,0,0,0,1,0,0
1497,4013,1,0,0,0,0,0,0,True,False,False,0,0,0,1,0,0,0,0,1,0,0
1500,4018,1,0,0,0,0,0,0,False,False,False,1,0,0,0,0,0,0,0,1,0,0
1501,4022,1,1,0,0,0,0,0,False,False,True,0,0,0,1,0,0,0,0,1,0,0
1504,4027,0,1,0,0,1,0,0,False,False,False,0,0,1,0,0,0,0,0,0,1,0
1507,4036,1,0,0,0,0,0,0,False,False,False,0,1,0,0,0,0,0,0,1,0,0
1508,4037,1,0,0,0,0,0,0,False,False,False,1,0,0,0,0,0,0,0,1,0,0
1511,4050,0,0,0,0,1,1,0,False,False,True,0,1,0,0,0,0,0,0,1,0,0
1513,4055,1,1,0,0,1,0,0,False,False,True,0,0,1,0,0,0,0,0,1,0,0
1516,4062,1,1,0,0,0,0,0,False,False,False,1,0,0,0,0,0,0,1,0,0,0
1517,4063,1,0,0,0,0,0,0,True,False,False,0,0,0,0,1,0,0,0,1,0,0
1518,4064,1,0,0,0,0,0,0,False,False,False,0,0,0,0,1,0,0,0,1,0,0
1522,4072,1,0,0,0,1,0,0,False,False,True,0,1,0,0,0,0,0,0,1,0,0
1524,4078,0,0,0,0,1,0,0,False,False,False,0,1,0,0,0,0,0,0,1,0,0
1527,4088,1,0,0,0,0,0,0,True,False,False,0,1,0,0,0,0,0,0,1,0,0
1528,4089,0,0,0,0,1,0,1,False,False,False,0,1,0,0,0,0,0,0,1,0,0
1529,4091,1,0,0,0,0,0,0,False,False,False,0,1,0,0,0,0,0,0,1,0,0
1534,4099,0,0,0,0,1,0,0,False,True,False,0,0,1,0,0,0,0,0,1,0,0
1541,4111,1,0,0,0,0,0,0,False,True,False,0,0,1,0,0,0,0,0,1,0,0
1544,4116,1,0,0,0,0,0,0,True,False,False,0,0,0,1,0,0,0,0,1,0,0
1546,4119,0,0,0,0,1,0,1,False,False,False,0,0,1,0,0,0,0,0,1,0,0
1548,4129,1,1,0,0,0,0,0,False,False,False,0,1,0,0,0,0,0,0,1,0,0
1549,4132,1,0,0,0,0,0,0,False,True,False,0,0,0,1,0,0,0,0,1,0,0
1550,4135,1,0,0,0,0,0,0,False,False,True,0,0,0,1,0,0,0,0,1,0,0
1563,4161,0,1,0,0,0,0,0,False,False,False,0,1,0,0,0,0,0,0,0,0,1
1571,4175,1,0,0,0,0,0,0,True,False,False,0,0,1,0,0,0,0,0,1,0,0
1574,4185,1,0,0,0,0,0,0,False,True,False,0,0,1,0,0,0,0,0,1,0,0
1576,4189,0,1,0,0,1,0,0,True,False,False,0,0,0,0,0,1,0,0,1,0,0
1578,4196,1,0,0,0,0,0,1,False,False,False,0,0,1,0,0,0,0,0,1,0,0
1579,4197,0,0,0,0,1,0,0,False,False,False,0,1,0,0,0,0,0,0,1,0,0
1580,4203,1,0,0,0,0,0,0,False,False,True,0,1,0,0,0,0,0,0,1,0,0
1581,4205,1,0,0,0,0,0,0,False,False,False,0,1,0,0,0,0,0,0,1,0,0
1582,4207,1,0,0,0,0,0,0,False,False,False,0,0,1,0,0,0,0,0,1,0,0
1583,4208,0,0,0,0,0,1,0,False,False,False,1,0,0,0,0,0,0,0,0,1,0
1589,4220,1,0,0,0,0,0,0,False,False,True,0,0,1,0,0,0,0,0,1,0,0
1590,4221,1,0,0,0,0,0,0,False,False,False,0,0,1,0,0,0,0,0,1,0,0
1592,4228,0,1,0,0,1,0,1,True,False,False,0,0,1,0,0,0,0,0,1,0,0
1593,4232,1,0,0,0,1,0,0,False,False,True,0,0,0,1,0,0,0,0,1,0,0
1597,4244,1,0,0,0,0,0,0,False,True,False,0,0,1,0,0,0,0,0,1,0,0
1602,4251,0,0,0,0,1,0,1,False,False,False,0,0,1,0,0,0,0,0,1,0,0
1603,4253,0,1,1,0,0,1,0,False,False,False,0,0,1,0,0,0,0,0,0,1,0
1604,4254,1,0,0,0,1,0,1,False,False,True,0,0,0,1,0,0,0,0,1,0,0
1609,4262,0,0,0,0,1,0,0,False,False,False,0,1,0,0,0,0,0,0,1,0,0
1612,4272,1,0,0,0,0,0,0,False,False,False,0,1,0,0,0,0,0,0,1,0,0
1613,4274,0,1,0,0,1,0,1,False,True,False,0,0,0,1,0,0,0,0,1,0,0
1614,4277,0,0,0,0,1,0,1,False,False,True,0,1,0,0,0,0,0,0,0,0,1
1615,4278,1,0,0,0,1,0,1,False,False,True,1,0,0,0,0,0,0,0,0,1,0
1616,4279,1,0,0,0,0,0,0,False,False,False,0,1,0,0,0,0,0,0,1,0,0
1618,4292,1,0,0,0,0,0,0,False,False,False,0,1,0,0,0,0,0,0,1,0,0
1627,4312,0,0,0,0,1,0,1,True,False,False,0,1,0,0,0,0,0,0,1,0,0
1628,4314,0,0,0,0,1,0,1,True,False,False,1,0,0,0,0,0,0,0,1,0,0
1638,4335,1,0,0,0,0,0,0,False,False,False,0,0,0,1,0,0,0,0,1,0,0
1646,4357,0,0,0,0,1,0,1,False,False,False,0,0,1,0,0,0,0,0,1,0,0
1647,4360,1,0,0,0,0,0,0,False,True,False,0,0,1,0,0,0,0,0,1,0,0
1648,4361,0,0,0,0,1,0,1,False,False,False,0,1,0,0,0,0,0,0,1,0,0
1649,4363,1,1,0,0,0,0,0,False,False,True,0,1,0,0,0,0,0,0,1,0,0
1652,4372,1,0,0,0,0,0,0,False,False,False,0,0,0,1,0,0,0,0,1,0,0
1656,4388,0,1,0,0,0,0,1,False,False,False,0,1,0,0,0,0,0,0,1,0,0
1659,4391,0,1,0,0,1,0,1,False,False,True,0,1,0,0,0,0,0,0,1,0,0
1661,4399,0,0,0,0,1,0,1,False,False,False,1,0,0,0,0,0,0,0,1,0,0
1666,4409,1,0,0,0,1,0,0,False,False,False,0,0,1,0,0,0,0,0,1,0,0
1669,4419,1,0,0,0,0,0,0,True,False,False,0,0,0,1,0,0,0,0,1,0,0
1672,4430,0,1,0,0,0,0,1,False,False,True,0,1,0,0,0,0,0,0,1,0,0
1676,4435,1,0,0,0,0,0,0,False,False,True,0,0,1,0,0,0,0,0,1,0,0
1678,4439,1,1,0,0,0,0,0,False,False,False,0,0,1,0,0,0,0,0,1,0,0
1681,4445,1,0,0,0,0,0,0,False,False,False,0,0,1,0,0,0,0,0,1,0,0
1682,4447,0,0,0,0,1,0,0,False,False,False,0,0,0,0,1,0,0,0,1,0,0
1684,4457,1,1,0,0,1,0,0,False,False,True,0,0,1,0,0,0,0,0,1,0,0
1687,4462,1,0,0,0,1,0,0,False,False,False,1,0,0,0,0,0,0,0,1,0,0
1688,4464,1,0,0,0,0,0,0,False,False,False,0,0,1,0,0,0,0,0,1,0,0
1689,4465,1,0,0,0,0,0,0,False,False,True,1,0,0,0,0,0,0,0,1,0,0
1690,4466,0,1,0,0,0,0,0,False,False,True,1,0,0,0,0,0,0,0,1,0,0
1696,4480,0,0,0,0,1,0,1,False,False,False,0,1,0,0,0,0,0,0,1,0,0
1699,4485,1,0,0,0,0,0,0,False,False,False,0,0,0,1,0,0,0,0,1,0,0
1701,4493,0,0,0,0,1,0,1,False,True,False,0,1,0,0,0,0,0,0,1,0,0
1702,4495,0,0,0,0,1,0,0,False,False,False,0,1,0,0,0,0,0,0,1,0,0
1707,4502,1,0,0,0,0,0,0,False,True,False,0,0,1,0,0,0,0,0,1,0,0
1708,4503,0,0,0,0,1,0,0,False,False,False,0,0,1,0,0,0,0,0,1,0,0
1711,4509,0,0,0,0,1,0,0,True,False,False,0,0,1,0,0,0,0,0,0,0,1
1712,4511,1,0,0,0,0,0,0,False,False,False,0,0,1,0,0,0,0,0,1,0,0
1714,4515,1,0,0,0,0,0,0,False,False,False,0,0,1,0,0,0,0,0,1,0,0
1715,4518,1,0,0,0,0,0,0,False,False,False,0,0,1,0,0,0,0,0,1,0,0
1716,4519,0,1,0,0,0,0,1,False,False,False,0,0,0,1,0,0,0,0,1,0,0
1718,4524,0,0,1,0,0,0,0,False,True,False,0,0,1,0,0,0,0,0,1,0,0
1719,4526,0,0,0,0,1,0,0,False,False,False,0,0,0,0,1,0,0,0,1,0,0
1721,4530,1,0,0,0,0,0,0,False,True,False,0,0,0,1,0,0,0,0,1,0,0
1722,4533,1,0,0,0,0,0,0,False,False,True,0,0,1,0,0,0,0,0,1,0,0
1723,4534,0,0,0,0,1,0,1,True,False,False,0,0,0,0,1,0,0,0,1,0,0
1726,4537,1,0,0,0,0,0,1,False,False,True,0,1,0,0,0,0,0,0,1,0,0
1727,4540,1,0,0,0,0,0,0,True,False,False,0,0,0,1,0,0,0,0,1,0,0
1730,4549,1,0,0,0,0,0,0,False,False,False,0,0,0,1,0,0,0,0,1,0,0
1731,4550,0,1,0,0,1,0,0,False,False,True,0,0,1,0,0,0,0,0,1,0,0
1736,4566,0,0,0,0,1,0,1,False,True,False,0,0,1,0,0,0,0,0,1,0,0
1738,4570,1,0,0,0,0,0,0,False,False,False,0,0,1,0,0,0,0,0,1,0,0
1742,4586,0,1,0,0,0,0,1,False,True,False,0,0,1,0,0,0,0,0,1,0,0
1744,4590,0,0,0,0,1,0,0,False,False,False,0,0,0,1,0,0,0,0,1,0,0
1748,4596,1,0,0,0,0,0,0,False,False,False,0,0,0,1,0,0,0,0,1,0,0
1749,4601,0,0,0,0,1,0,1,False,True,False,1,0,0,0,0,0,0,0,1,0,0
1750,4603,1,0,0,0,0,0,0,False,True,False,0,1,0,0,0,0,0,0,1,0,0
1751,4604,1,0,0,0,0,0,0,False,True,False,0,0,0,1,0,0,0,0,1,0,0
1753,4608,0,0,0,0,1,0,1,False,False,False,1,0,0,0,0,0,0,0,1,0,0
1754,4612,1,0,0,0,0,0,0,False,False,False,0,0,1,0,0,0,0,0,1,0,0
1757,4620,1,0,0,0,0,0,0,False,True,False,0,0,0,1,0,0,0,0,1,0,0
1760,4626,0,0,0,0,0,1,1,False,False,True,1,0,0,0,0,0,0,0,1,0,0
1766,4641,0,0,0,0,1,0,1,False,False,False,0,1,0,0,0,0,0,0,1,0,0
1767,4646,0,0,0,0,1,0,1,False,False,False,0,0,0,1,0,0,0,0,1,0,0
1771,4654,0,1,0,0,0,0,1,False,False,False,0,1,0,0,0,0,0,0,1,0,0
1774,4660,1,0,0,0,0,0,0,False,False,False,0,1,0,0,0,0,0,0,1,0,0
1775,4664,0,0,0,0,1,0,1,False,False,False,0,1,0,0,0,0,0,0,1,0,0
1777,4667,0,0,0,0,1,0,0,False,False,False,0,1,0,0,0,0,0,0,1,0,0
1779,4681,0,0,0,0,1,0,1,False,False,True,0,0,1,0,0,0,0,0,1,0,0
1781,4686,1,1,0,0,0,0,0,False,True,False,0,0,0,1,0,0,0,0,1,0,0
1783,4689,0,1,0,0,0,0,0,False,False,False,0,1,0,0,0,0,0,0,1,0,0
1785,4692,0,0,0,0,1,0,1,False,False,False,1,0,0,0,0,0,0,0,1,0,0
1786,4693,0,0,1,0,0,0,0,False,False,False,1,0,0,0,0,0,0,0,1,0,0
1789,4700,0,0,0,0,1,0,0,False,False,False,0,1,0,0,0,0,0,0,1,0,0
1791,4706,1,0,0,0,0,0,0,False,True,False,1,0,0,0,0,0,0,0,1,0,0
1792,4707,0,0,1,0,1,0,1,False,False,True,0,1,0,0,0,0,0,0,1,0,0
1793,4708,0,0,0,0,1,0,0,False,True,False,0,1,0,0,0,0,0,0,1,0,0
1794,4710,1,0,0,0,0,0,0,False,True,False,1,0,0,0,0,0,0,0,1,0,0
1795,4717,1,0,0,0,0,0,0,False,False,True,1,0,0,0,0,0,0,0,1,0,0
1797,4722,0,1,0,0,0,0,0,False,True,False,0,1,0,0,0,0,0,0,1,0,0
1798,4724,1,0,0,0,0,0,0,False,False,False,0,0,1,0,0,0,0,0,1,0,0
1801,4727,0,1,0,0,1,0,1,False,False,True,0,0,0,1,0,0,0,0,1,0,0
1804,4738,1,0,0,0,0,0,0,False,False,False,0,1,0,0,0,0,0,0,1,0,0
1805,4740,1,1,0,0,1,0,1,False,True,False,1,0,0,0,0,0,0,0,1,0,0
1806,4751,0,0,0,0,1,0,0,False,False,False,0,0,0,1,0,0,0,0,1,0,0
1807,4753,0,1,0,0,0,0,1,False,True,False,0,1,0,0,0,0,0,0,1,0,0
1808,4758,1,0,0,0,0,0,0,True,False,False,0,0,1,0,0,0,0,0,1,0,0
1809,4759,0,0,0,0,1,0,1,False,True,False,0,0,1,0,0,0,0,0,1,0,0
1813,4768,0,0,0,0,1,0,0,False,False,False,0,0,0,1,0,0,0,0,1,0,0
1815,4773,1,1,0,0,0,0,0,False,False,False,0,0,1,0,0,0,0,0,1,0,0
1817,4775,0,1,0,0,1,0,1,True,False,False,0,0,1,0,0,0,0,0,1,0,0
1819,4779,1,0,0,0,0,1,0,False,False,False,0,1,0,0,0,0,0,0,1,0,0
1820,4782,0,1,0,0,1,0,0,False,True,False,1,0,0,0,0,0,0,0,1,0,0
1821,4783,0,0,0,0,0,1,0,True,False,False,0,0,1,0,0,0,0,0,1,0,0
1826,4793,1,0,0,0,0,0,0,False,False,True,0,0,1,0,0,0,0,0,1,0,0
1830,4802,0,0,0,0,1,0,0,False,False,False,0,0,0,1,0,0,0,0,1,0,0
1832,4806,0,0,0,0,1,0,0,False,False,False,0,0,1,0,0,0,0,0,1,0,0
1834,4821,1,0,0,0,0,0,0,False,True,False,0,1,0,0,0,0,0,0,1,0,0
1843,4845,0,0,0,0,1,0,1,False,False,False,0,1,0,0,0,0,0,0,1,0,0
1845,4847,1,0,0,0,1,1,0,True,False,False,0,1,0,0,0,0,0,0,1,0,0
1846,4848,0,0,0,0,1,0,1,False,False,False,0,0,0,0,1,0,0,0,1,0,0
1847,4851,1,0,0,0,0,0,0,False,False,True,0,0,0,0,1,0,0,0,1,0,0
1850,4857,0,1,0,0,0,0,0,False,False,False,0,0,0,1,0,0,0,0,1,0,0
1852,4860,1,0,0,0,0,0,0,False,False,False,0,0,0,1,0,0,0,0,1,0,0
1853,4865,0,0,0,0,0,1,0,False,True,False,0,0,1,0,0,0,0,0,1,0,0
1854,4872,0,0,0,0,1,0,1,True,False,False,0,0,0,1,0,0,0,0,1,0,0
1859,4882,1,0,0,0,0,0,0,False,False,False,0,0,0,1,0,0,0,0,1,0,0
1861,4884,1,0,0,0,0,0,0,False,False,False,0,1,0,0,0,0,0,0,1,0,0
1864,4887,0,1,0,0,0,0,1,False,False,True,0,0,0,1,0,0,0,0,1,0,0
1865,4888,0,0,0,0,0,1,1,False,False,False,0,1,0,0,0,0,0,0,1,0,0
1867,4893,1,0,0,1,0,0,1,False,False,False,1,0,0,0,0,0,0,0,1,0,0
1869,4895,1,0,0,0,0,0,0,False,False,False,0,1,0,0,0,0,0,0,1,0,0
1870,4896,1,0,0,0,0,0,0,False,False,False,0,0,1,0,0,0,0,0,1,0,0
1871,4898,0,1,0,0,0,0,0,False,True,False,0,1,0,0,0,0,0,0,1,0,0
1878,4915,0,0,0,0,1,0,0,False,False,False,0,1,0,0,0,0,0,0,1,0,0
1880,4918,1,0,0,0,0,0,0,False,False,False,0,0,0,1,0,0,0,0,1,0,0
1881,4919,0,1,0,0,1,0,1,True,False,False,0,0,1,0,0,0,0,0,1,0,0
1882,4928,1,0,0,0,0,0,0,False,False,False,0,0,0,1,0,0,0,0,1,0,0
1884,4933,0,1,0,0,0,0,0,False,False,False,0,0,0,1,0,0,0,0,1,0,0
1890,4952,1,0,0,0,0,0,0,True,False,False,0,1,0,0,0,0,0,0,1,0,0
1891,4954,1,0,0,0,0,0,0,False,False,False,0,0,0,1,0,0,0,0,1,0,0
1892,4956,1,0,0,0,0,0,0,False,False,True,0,0,0,1,0,0,0,0,1,0,0
1896,4963,1,0,0,0,0,0,0,False,False,True,0,1,0,0,0,0,0,0,1,0,0
1899,4969,0,0,0,0,1,0,1,False,False,False,0,0,1,0,0,0,0,0,1,0,0
1901,4979,1,0,0,0,0,0,0,False,False,False,1,0,0,0,0,0,0,0,1,0,0
1902,4980,1,0,0,0,0,0,0,False,True,False,0,1,0,0,0,0,0,0,1,0,0
1905,4985,1,0,0,0,0,0,0,False,False,False,1,0,0,0,0,0,0,0,1,0,0
1913,4998,1,1,0,0,1,1,0,False,False,True,0,1,0,0,0,0,0,0,1,0,0
1914,5001,1,1,0,0,0,0,0,False,True,False,0,1,0,0,0,0,0,0,1,0,0
1918,5006,1,0,0,0,0,0,0,False,False,False,1,0,0,0,0,0,0,0,0,1,0
1919,5011,1,1,0,0,0,0,0,False,False,False,0,0,0,0,1,0,0,0,1,0,0
1922,5018,1,0,0,0,1,0,0,False,False,False,0,0,0,1,0,0,0,0,1,0,0
1924,5021,0,0,0,0,1,0,0,True,False,False,0,0,0,1,0,0,0,0,1,0,0
1928,5029,0,0,0,0,1,0,1,False,False,False,0,0,1,0,0,0,0,0,1,0,0
1930,5031,1,0,0,0,0,0,1,False,True,False,0,1,0,0,0,0,0,0,1,0,0
1934,5035,0,0,0,0,0,1,0,False,False,False,1,0,0,0,0,0,0,0,1,0,0
1935,5038,1,0,0,0,0,0,0,False,False,False,0,0,1,0,0,0,0,0,0,1,0
1936,5040,1,0,0,0,0,0,0,False,False,False,1,0,0,0,0,0,0,0,1,0,0
1938,5042,0,0,0,0,1,0,1,False,True,False,0,0,1,0,0,0,0,0,1,0,0
1939,5045,1,0,0,0,0,0,0,False,False,False,0,0,1,0,0,0,0,0,1,0,0
1940,5049,1,0,0,0,0,0,0,False,False,True,0,0,1,0,0,0,0,0,1,0,0
1942,5057,0,0,0,0,0,1,0,False,False,False,0,0,0,1,0,0,0,0,0,0,1
1944,5060,0,0,0,0,1,0,1,False,True,False,0,0,1,0,0,0,0,0,1,0,0
1945,5061,1,0,0,0,0,0,0,False,False,True,0,1,0,0,0,0,0,0,1,0,0
1949,5082,1,0,0,0,0,0,0,False,False,False,0,0,0,0,1,0,0,0,1,0,0
1975,5146,0,1,0,0,1,0,0,False,False,False,0,0,0,0,0,1,0,0,1,0,0
1977,5150,1,0,0,0,0,0,0,False,False,True,0,0,0,0,0,1,0,0,1,0,0
1978,5152,0,0,0,0,1,0,1,False,True,False,0,0,0,0,1,0,0,0,1,0,0
1979,5158,0,1,0,0,0,0,1,False,False,False,0,1,0,0,0,0,0,0,1,0,0
1981,5164,1,0,0,0,0,0,0,False,False,False,0,0,0,0,1,0,0,0,1,0,0
1983,5171,0,0,0,0,1,0,0,False,False,False,0,1,0,0,0,0,0,0,1,0,0
1987,5190,0,0,0,0,1,0,0,False,False,False,0,0,0,0,1,0,0,0,1,0,0
1989,5194,0,1,0,0,0,0,0,False,False,False,0,0,1,0,0,0,0,0,1,0,0
1990,5195,1,0,0,0,0,0,0,False,False,False,0,0,1,0,0,0,0,0,1,0,0
1991,5202,1,0,0,0,0,0,0,False,True,False,0,1,0,0,0,0,0,0,1,0,0
1994,5213,0,0,0,0,1,0,0,False,False,False,0,0,0,1,0,0,0,0,1,0,0
1997,5223,0,0,0,0,1,0,1,False,False,False,0,1,0,0,0,0,0,0,1,0,0
2001,5236,1,0,0,0,0,0,0,True,False,False,0,1,0,0,0,0,0,0,1,0,0
2002,5239,0,0,0,0,1,0,1,False,False,False,1,0,0,0,0,0,0,0,1,0,0
2004,5246,0,0,0,0,1,0,0,True,False,False,0,0,0,1,0,0,0,0,1,0,0
2007,5251,1,0,0,0,0,0,0,False,False,False,1,0,0,0,0,0,0,0,1,0,0
2010,5256,0,0,0,0,1,0,0,False,False,False,0,0,1,0,0,0,0,0,1,0,0
2012,5259,1,0,0,0,0,0,1,False,True,False,1,0,0,0,0,0,0,0,1,0,0
2013,5274,1,0,0,0,0,0,0,False,True,False,0,0,1,0,0,0,0,0,0,1,0
2014,5277,1,0,0,0,0,0,0,False,False,True,0,0,1,0,0,0,0,0,1,0,0
2025,5302,0,0,0,0,1,0,0,True,False,False,0,1,0,0,0,0,0,0,1,0,0
2031,5327,0,0,0,0,1,0,0,False,False,False,0,0,1,0,0,0,0,0,1,0,0
2037,5343,0,0,0,0,1,0,1,False,False,False,0,1,0,0,0,0,0,0,1,0,0
2038,5346,0,0,0,0,1,0,0,False,False,False,0,0,1,0,0,0,0,0,1,0,0
2043,5366,0,1,0,0,0,0,1,False,False,False,0,0,1,0,0,0,0,0,0,0,1
2045,5370,1,0,0,0,0,0,0,False,False,False,0,1,0,0,0,0,0,0,1,0,0
2047,5373,1,0,0,0,0,0,0,False,False,False,1,0,0,0,0,0,0,0,1,0,0
2049,5382,0,1,0,0,0,0,1,False,False,False,0,0,0,0,0,0,1,0,1,0,0
2050,5388,0,0,0,0,1,0,1,False,False,False,0,1,0,0,0,0,0,0,1,0,0
2056,5416,1,0,0,0,0,0,0,True,False,False,0,0,1,0,0,0,0,0,1,0,0
2058,5421,0,0,0,0,1,0,1,False,False,False,0,1,0,0,0,0,0,0,1,0,0
2059,5424,0,0,0,0,1,0,1,True,False,False,0,1,0,0,0,0,0,0,1,0,0
2061,5426,0,0,0,0,1,0,1,False,False,False,0,1,0,0,0,0,0,0,1,0,0
2063,5429,1,0,0,0,0,0,0,False,False,False,0,1,0,0,0,0,0,0,1,0,0
2067,5436,0,0,0,0,1,0,1,False,False,False,0,0,1,0,0,0,0,0,1,0,0
2068,5437,0,0,0,0,1,0,0,False,False,False,0,0,1,0,0,0,0,0,1,0,0
2075,5450,0,0,0,0,1,0,1,False,True,False,0,0,1,0,0,0,0,0,1,0,0
2078,5454,0,0,0,0,1,0,1,False,True,False,0,0,0,0,1,0,0,0,1,0,0
2079,5458,0,1,0,0,0,0,1,False,False,False,0,1,0,0,0,0,0,0,1,0,0
2084,5467,0,0,0,0,1,0,1,False,False,False,0,1,0,0,0,0,0,0,1,0,0
2086,5485,1,0,0,0,0,0,0,False,False,True,0,0,1,0,0,0,0,0,1,0,0
2090,5493,0,0,0,0,1,0,1,False,False,False,0,1,0,0,0,0,0,0,1,0,0
2094,5507,0,1,0,0,0,1,0,False,False,False,0,0,0,0,0,1,0,0,1,0,0
2098,5521,0,0,0,0,1,0,1,False,True,False,1,0,0,0,0,0,0,0,1,0,0
2100,5526,1,0,0,0,0,0,0,False,False,False,0,1,0,0,0,0,0,0,1,0,0
2101,5529,0,1,0,0,0,0,0,False,False,False,0,1,0,0,0,0,0,0,1,0,0
2104,5535,1,0,0,0,0,0,0,False,False,False,0,1,0,0,0,0,0,0,0,0,1
2107,5542,1,0,0,0,0,0,0,False,False,False,0,0,1,0,0,0,0,0,1,0,0
2111,5554,0,1,0,0,1,0,1,False,False,False,0,1,0,0,0,0,0,0,1,0,0
2114,5557,1,0,0,0,0,0,0,False,False,False,0,0,0,1,0,0,0,0,0,0,1
2118,5573,0,1,0,0,1,0,1,False,True,False,0,0,1,0,0,0,0,0,1,0,0
2121,5582,1,0,0,0,0,0,0,False,False,False,0,1,0,0,0,0,0,0,1,0,0
2122,5584,1,0,0,0,1,0,0,False,False,False,1,0,0,0,0,0,0,0,1,0,0
2123,5588,1,0,0,0,0,0,0,False,True,False,0,1,0,0,0,0,0,0,0,0,1
2124,5589,0,1,0,0,1,0,1,False,False,False,0,0,0,0,1,0,0,0,1,0,0
2127,5601,1,0,0,0,0,0,0,False,False,False,0,0,1,0,0,0,0,0,0,0,1
2133,5623,0,1,0,0,0,0,1,True,False,False,0,0,0,0,0,0,1,0,1,0,0
2139,5644,0,1,0,0,0,0,0,False,False,False,0,0,1,0,0,0,0,0,1,0,0
2140,5649,1,0,0,0,0,0,0,False,False,False,0,0,0,0,1,0,0,0,0,0,1
2142,5651,0,0,0,0,1,0,1,False,False,False,0,0,0,1,0,0,0,0,0,0,1
2143,5653,0,1,0,0,0,0,0,False,False,False,0,0,1,0,0,0,0,0,1,0,0
2148,5665,0,0,0,0,1,0,1,False,False,False,0,0,0,1,0,0,0,0,1,0,0
2150,5672,0,1,0,0,0,0,0,False,False,False,0,0,1,0,0,0,0,0,1,0,0
2151,5675,1,0,0,0,0,0,0,False,True,False,0,0,0,0,1,0,0,0,0,0,1
2155,5681,0,1,0,0,0,0,0,True,False,False,0,0,0,0,1,0,0,0,0,0,1
2156,5683,0,0,0,0,1,0,1,False,False,False,0,0,1,0,0,0,0,0,1,0,0
2157,5685,0,0,1,0,0,0,1,False,False,False,0,0,0,1,0,0,0,0,0,0,1
2158,5687,0,1,0,0,0,0,1,False,False,False,0,1,0,0,0,0,0,0,1,0,0
2165,5720,1,0,0,0,0,0,0,False,True,False,1,0,0,0,0,0,0,0,1,0,0
2169,5727,1,0,0,0,1,0,0,False,False,False,0,0,1,0,0,0,0,0,1,0,0
2171,5747,0,0,0,0,1,0,1,False,False,True,0,1,0,0,0,0,0,0,0,0,1
2174,5765,1,1,0,0,1,0,0,True,False,False,0,1,0,0,0,0,0,0,1,0,0
2179,5778,1,0,0,0,0,0,0,False,True,False,0,1,0,0,0,0,0,0,1,0,0
2182,5788,0,0,0,0,1,0,1,False,False,False,0,0,0,1,0,0,0,0,1,0,0
2183,5789,1,0,0,0,0,0,0,False,False,False,0,0,1,0,0,0,0,0,1,0,0
2187,5807,1,0,0,0,0,0,0,False,False,False,0,0,0,0,1,0,0,0,1,0,0
2188,5808,1,0,0,0,0,0,0,False,False,False,0,0,0,1,0,0,0,0,1,0,0
2190,5817,1,0,0,0,0,0,0,False,False,False,0,0,1,0,0,0,0,0,1,0,0
2191,5820,0,0,0,0,1,0,0,False,False,False,1,0,0,0,0,0,0,0,1,0,0
2195,5834,0,0,0,0,1,1,1,False,False,False,0,1,0,0,0,0,0,0,1,0,0
2202,5860,1,0,0,0,0,0,0,False,False,False,0,0,0,1,0,0,0,0,1,0,0
2207,5883,0,0,0,0,0,1,0,False,False,False,0,0,0,1,0,0,0,0,1,0,0
2208,5887,0,0,0,0,1,0,0,False,True,False,0,0,0,1,0,0,0,0,1,0,0
2211,5901,1,1,0,0,0,0,0,False,False,False,0,0,0,1,0,0,0,0,1,0,0
2216,5934,1,0,0,0,0,0,0,False,False,False,1,0,0,0,0,0,0,0,1,0,0
2220,5946,0,1,0,1,0,0,0,False,False,False,0,0,1,0,0,0,0,0,1,0,0
2221,5953,1,0,0,0,0,0,0,False,False,False,0,0,0,1,0,0,0,0,1,0,0
2222,5958,1,0,0,0,0,0,0,False,False,False,1,0,0,0,0,0,0,0,1,0,0
2223,5967,1,0,0,0,0,0,0,True,False,False,1,0,0,0,0,0,0,0,1,0,0
2224,5968,1,0,0,0,0,0,0,False,False,False,0,0,1,0,0,0,0,0,1,0,0
2228,5978,0,0,0,0,1,0,0,False,False,True,0,0,0,1,0,0,0,0,0,0,1
2230,5988,0,1,0,0,0,0,0,False,False,False,0,1,0,0,0,0,0,0,0,0,1
2231,5993,1,0,0,0,0,0,0,False,True,False,0,0,1,0,0,0,0,0,1,0,0
2236,6009,1,0,0,0,0,0,0,False,False,False,0,1,0,0,0,0,0,0,1,0,0
2237,6010,1,1,0,0,0,0,0,False,False,False,1,0,0,0,0,0,0,0,1,0,0
2238,6014,1,0,0,0,1,0,1,False,False,False,0,0,1,0,0,0,0,0,1,0,0
2241,6020,1,0,0,0,0,0,0,False,False,False,0,1,0,0,0,0,0,0,1,0,0
2243,6023,1,0,0,0,0,0,0,False,False,False,0,1,0,0,0,0,0,0,1,0,0
2248,6036,1,1,0,0,0,0,0,True,False,False,1,0,0,0,0,0,0,0,1,0,0
2249,6040,1,1,0,0,0,0,0,False,False,True,0,1,0,0,0,0,0,0,1,0,0
2250,6041,1,0,0,0,0,0,0,False,True,False,1,0,0,0,0,0,0,0,1,0,0
2251,6044,0,1,0,0,0,0,0,False,False,False,0,1,0,0,0,0,0,0,1,0,0
2252,6045,1,0,0,0,0,0,0,True,False,False,1,0,0,0,0,0,0,0,1,0,0
2254,6048,1,0,0,0,0,0,0,True,False,False,1,0,0,0,0,0,0,0,1,0,0
2257,6054,1,0,0,0,0,0,0,False,False,False,1,0,0,0,0,0,0,0,1,0,0
2259,6073,1,0,0,0,0,0,0,False,True,False,0,1,0,0,0,0,0,0,1,0,0
2260,6075,1,0,0,0,0,0,0,False,False,False,0,1,0,0,0,0,0,0,1,0,0
2261,6083,1,0,0,0,0,0,0,True,False,False,1,0,0,0,0,0,0,0,1,0,0
2262,6086,0,0,0,0,1,0,1,True,False,False,1,0,0,0,0,0,0,0,1,0,0
2263,6087,0,0,0,0,1,0,1,False,False,False,0,1,0,0,0,0,0,0,1,0,0
2264,6095,0,0,0,0,1,0,1,False,False,True,0,1,0,0,0,0,0,0,1,0,0
2265,6099,1,0,0,0,0,0,0,False,True,False,1,0,0,0,0,0,0,0,1,0,0
2266,6100,0,0,1,0,0,0,0,False,False,False,1,0,0,0,0,0,0,0,1,0,0
2267,6102,0,0,0,0,1,0,1,False,False,False,1,0,0,0,0,0,0,0,1,0,0
2269,6107,0,0,0,0,1,0,0,True,False,False,0,0,1,0,0,0,0,0,1,0,0
2276,6123,1,0,0,0,1,0,1,False,False,False,0,1,0,0,0,0,0,0,0,0,1
2282,6143,0,1,0,0,0,0,0,False,False,False,0,0,1,0,0,0,0,0,1,0,0
2285,6156,0,0,0,0,1,0,0,False,False,True,0,0,1,0,0,0,0,0,1,0,0
2286,6158,0,0,0,0,1,0,0,False,False,False,0,0,1,0,0,0,0,0,0,1,0
2287,6164,0,0,0,0,1,0,0,False,False,True,0,0,1,0,0,0,0,0,1,0,0
2294,6177,0,0,0,0,1,0,1,False,True,False,0,0,1,0,0,0,0,0,1,0,0
2297,6180,0,1,0,0,0,0,1,False,False,False,0,0,0,1,0,0,0,0,1,0,0
2298,6183,0,0,0,0,1,0,0,False,False,True,0,0,0,0,1,0,0,0,1,0,0
2305,6224,1,0,0,0,0,0,0,False,True,False,0,0,1,0,0,0,0,0,1,0,0
2309,6230,1,0,0,0,0,0,1,False,False,False,0,0,0,1,0,0,0,0,1,0,0
2310,6232,0,1,0,0,0,0,0,False,False,True,1,0,0,0,0,0,0,0,1,0,0
2314,6249,1,0,0,0,0,0,0,False,False,False,0,0,1,0,0,0,0,0,1,0,0
2320,6268,1,0,0,0,0,0,0,True,False,False,0,0,1,0,0,0,0,0,1,0,0
2321,6269,0,0,0,0,1,0,0,False,True,False,0,1,0,0,0,0,0,0,1,0,0
2322,6270,1,0,0,0,0,0,1,False,False,True,0,1,0,0,0,0,0,0,1,0,0
2330,6296,0,0,0,0,1,0,1,False,False,False,0,1,0,0,0,0,0,0,1,0,0
2331,6299,1,0,0,0,0,0,0,False,False,False,0,1,0,0,0,0,0,0,1,0,0
2332,6302,1,0,0,0,1,0,0,False,False,False,0,1,0,0,0,0,0,0,1,0,0
2333,6303,0,1,0,0,0,0,0,False,True,False,0,0,1,0,0,0,0,0,1,0,0
2339,6319,1,1,0,0,1,0,0,False,False,False,0,0,1,0,0,0,0,0,1,0,0
2340,6322,1,0,0,0,0,0,1,True,False,False,0,1,0,0,0,0,0,0,1,0,0
2341,6331,1,0,0,0,0,0,1,False,False,False,0,1,0,0,0,0,0,0,1,0,0
2342,6334,0,1,0,0,0,0,0,False,False,False,0,1,0,0,0,0,0,0,1,0,0
2344,6337,0,1,0,0,0,0,1,True,False,False,0,0,1,0,0,0,0,0,1,0,0
2347,6355,1,0,0,0,0,0,1,False,False,False,1,0,0,0,0,0,0,0,1,0,0
2351,6364,1,0,0,0,0,0,0,False,False,False,0,0,1,0,0,0,0,0,1,0,0
2353,6368,0,0,1,0,0,0,0,False,False,False,0,0,0,1,0,0,0,0,1,0,0
2357,6383,0,0,0,0,0,1,0,False,False,False,0,0,1,0,0,0,0,0,1,0,0
2358,6384,1,0,0,0,1,0,0,True,False,False,0,1,0,0,0,0,0,0,1,0,0
2362,6400,1,0,0,0,0,0,1,False,True,False,0,1,0,0,0,0,0,0,0,1,0
2367,6417,0,0,0,0,1,0,1,False,False,False,1,0,0,0,0,0,0,0,1,0,0
2387,6465,1,0,0,0,0,0,0,True,False,False,0,1,0,0,0,0,0,0,1,0,0
2388,6466,0,0,0,0,0,1,0,False,False,False,0,1,0,0,0,0,0,0,1,0,0
2399,6512,0,0,1,0,0,0,0,True,False,False,1,0,0,0,0,0,0,0,1,0,0
2406,6554,1,0,0,0,0,0,0,False,False,False,0,0,0,0,1,0,0,0,1,0,0
2412,6574,1,0,0,0,0,0,0,False,False,False,0,0,0,0,1,0,0,0,1,0,0
2413,6575,0,1,0,0,1,0,0,False,False,False,0,0,0,1,0,0,0,0,1,0,0
2415,6580,1,0,0,0,0,0,0,False,False,False,0,0,1,0,0,0,0,0,1,0,0
2419,6589,1,0,0,0,0,0,0,False,True,False,1,0,0,0,0,0,0,0,1,0,0
2422,6594,1,0,0,0,0,0,0,False,False,True,0,1,0,0,0,0,0,0,1,0,0
2423,6597,0,0,0,0,1,0,1,False,True,False,0,1,0,0,0,0,0,0,0,0,1
2424,6598,1,0,0,0,0,0,0,False,False,False,0,1,0,0,0,0,0,0,1,0,0
2425,6600,1,0,0,0,0,0,0,False,False,True,0,0,0,1,0,0,0,0,1,0,0
2426,6601,0,0,0,0,1,0,0,False,True,False,0,1,0,0,0,0,0,0,1,0,0
2427,6602,0,0,0,0,1,0,1,False,False,False,0,1,0,0,0,0,0,0,1,0,0
2428,6604,0,0,0,0,0,1,0,True,False,False,0,1,0,0,0,0,0,0,1,0,0
2429,6606,1,0,0,0,0,0,0,True,False,False,0,0,1,0,0,0,0,0,1,0,0
2430,6607,0,0,0,0,1,0,1,False,False,True,0,1,0,0,0,0,0,0,1,0,0
2432,6609,1,0,0,0,0,0,0,False,False,False,0,1,0,0,0,0,0,0,1,0,0
2433,6611,1,0,0,0,0,0,0,False,True,False,1,0,0,0,0,0,0,0,1,0,0
2434,6613,1,0,0,0,0,0,0,False,False,False,1,0,0,0,0,0,0,0,1,0,0
2435,6614,1,0,0,0,0,0,0,True,False,False,0,0,0,1,0,0,0,0,1,0,0
2436,6616,1,0,0,0,0,0,0,False,False,False,0,1,0,0,0,0,0,0,1,0,0
2437,6622,1,0,0,0,0,0,0,False,False,False,0,1,0,0,0,0,0,0,1,0,0
2438,6623,1,0,0,0,0,0,0,False,True,False,0,0,1,0,0,0,0,0,0,0,1
2440,6625,1,0,0,0,0,0,0,True,False,False,0,0,0,1,0,0,0,0,1,0,0
2443,6628,1,0,0,0,0,0,0,False,False,False,0,1,0,0,0,0,0,0,1,0,0
2444,6629,1,0,0,0,0,0,0,False,False,False,0,1,0,0,0,0,0,0,1,0,0
2445,6633,1,0,0,0,0,0,0,False,False,True,0,0,1,0,0,0,0,0,1,0,0
2447,6639,1,0,0,0,0,0,0,False,False,False,0,0,1,0,0,0,0,0,1,0,0
2448,6642,1,0,0,0,0,0,0,False,False,False,0,0,0,0,1,0,0,0,1,0,0
2452,6650,1,0,0,0,0,0,0,False,False,False,0,0,1,0,0,0,0,0,1,0,0
2454,6655,1,0,0,0,0,0,0,False,False,False,0,1,0,0,0,0,0,0,1,0,0
2456,6657,1,0,0,0,0,0,0,True,False,False,1,0,0,0,0,0,0,0,1,0,0
2457,6660,1,1,0,0,0,0,0,False,False,False,0,1,0,0,0,0,0,0,1,0,0
2458,6661,1,0,0,0,0,0,0,False,False,False,1,0,0,0,0,0,0,0,1,0,0
2459,6664,0,0,0,0,1,0,0,True,False,False,0,1,0,0,0,0,0,0,1,0,0
2464,6673,1,0,0,0,0,0,0,True,False,False,1,0,0,0,0,0,0,0,0,0,1
2468,6680,1,0,0,0,0,0,0,False,False,False,0,1,0,0,0,0,0,0,1,0,0
2471,6687,1,1,0,0,0,0,0,False,False,False,0,0,0,1,0,0,0,0,1,0,0
2474,6692,1,0,0,0,0,0,0,False,False,True,0,1,0,0,0,0,0,0,1,0,0
2475,6698,1,0,0,0,0,0,0,True,False,False,1,0,0,0,0,0,0,0,1,0,0
2477,6701,1,0,0,0,0,0,0,False,True,False,0,1,0,0,0,0,0,0,1,0,0
2478,6702,1,0,0,0,1,0,0,False,True,False,0,0,1,0,0,0,0,0,0,0,1
2479,6704,1,0,0,0,0,0,0,False,False,False,1,0,0,0,0,0,0,0,1,0,0
2480,6706,0,0,0,0,1,0,0,False,False,False,0,1,0,0,0,0,0,0,1,0,0
2482,6709,0,1,0,0,0,0,1,False,True,False,0,0,0,1,0,0,0,0,1,0,0
2484,6711,0,0,0,0,1,0,1,False,False,True,0,1,0,0,0,0,0,0,0,0,1
2485,6713,1,0,0,0,0,0,0,False,True,False,0,0,0,0,1,0,0,0,1,0,0
2489,6724,1,0,0,0,0,0,0,False,False,False,0,0,0,1,0,0,0,0,1,0,0
2493,6734,0,1,0,0,0,0,0,False,False,False,0,1,0,0,0,0,0,0,0,0,1
2495,6738,0,1,0,0,0,0,0,False,False,True,0,0,1,0,0,0,0,0,0,0,1
2507,6763,0,1,0,0,1,0,1,False,False,False,0,0,0,1,0,0,0,0,1,0,0
2508,6764,1,0,0,0,0,0,0,False,True,False,0,0,0,1,0,0,0,0,1,0,0
2511,6770,0,1,0,0,1,0,0,False,False,False,0,0,0,1,0,0,0,0,1,0,0
2515,6776,0,0,0,0,1,0,0,False,False,False,0,0,0,0,1,0,0,0,1,0,0
2518,6780,0,1,0,0,0,0,0,False,True,False,0,0,1,0,0,0,0,0,1,0,0
2519,6782,1,0,0,0,0,0,0,True,False,False,1,0,0,0,0,0,0,1,0,0,0
2529,6811,0,1,0,0,0,0,0,False,False,False,0,0,0,1,0,0,0,0,1,0,0
2534,6825,0,1,0,0,0,0,0,False,False,False,0,0,1,0,0,0,0,0,1,0,0
2538,6838,0,1,0,0,0,0,0,True,False,False,0,1,0,0,0,0,0,0,1,0,0
2545,6854,0,0,0,0,1,0,1,False,True,False,0,0,1,0,0,0,0,0,1,0,0
2546,6855,0,1,0,0,0,0,0,True,False,False,0,0,0,0,1,0,0,1,0,0,0
2549,6865,0,1,0,0,0,0,0,False,True,False,0,0,1,0,0,0,0,0,1,0,0
2551,6869,0,1,0,0,1,0,0,False,True,False,0,1,0,0,0,0,0,0,1,0,0
2553,6872,0,0,0,0,1,0,1,False,False,False,0,0,1,0,0,0,0,0,1,0,0
2555,6874,0,1,0,0,0,0,0,False,False,False,0,0,1,0,0,0,0,0,0,1,0
2557,6881,0,1,0,0,1,0,0,False,False,False,0,1,0,0,0,0,0,0,1,0,0
2559,6883,0,1,0,0,1,0,0,True,False,False,0,0,1,0,0,0,0,1,0,0,0
2572,6909,0,1,0,0,1,0,0,False,True,False,0,1,0,0,0,0,0,0,1,0,0
2573,6911,0,1,0,0,0,0,0,True,False,False,0,0,0,1,0,0,0,0,1,0,0
2575,6915,0,0,0,0,1,0,0,False,False,False,0,0,0,0,0,1,0,0,1,0,0
2578,6919,1,0,0,0,0,0,0,False,False,False,0,0,0,1,0,0,0,0,1,0,0
2580,6921,0,0,0,0,1,0,0,False,False,True,0,0,0,0,1,0,0,0,1,0,0
2583,6929,1,0,0,0,0,0,0,False,False,False,0,0,0,0,1,0,0,0,1,0,0
2584,6934,0,1,0,0,0,0,0,False,True,False,0,0,1,0,0,0,0,0,1,0,0
2585,6935,0,0,0,0,1,0,1,False,True,False,0,0,1,0,0,0,0,0,1,0,0
2587,6943,0,0,0,0,0,1,1,False,True,False,0,1,0,0,0,0,0,0,1,0,0
2593,6957,0,1,0,0,0,0,0,False,False,False,0,0,0,1,0,0,0,0,1,0,0
2595,6959,0,1,0,0,0,0,0,False,False,False,0,0,0,1,0,0,0,0,1,0,0
2596,6961,0,1,0,0,0,0,0,False,False,False,0,0,0,1,0,0,0,0,1,0,0
2597,6962,0,0,0,0,1,0,1,False,False,False,0,0,0,1,0,0,0,0,1,0,0
2600,6966,0,0,0,0,1,0,0,False,True,False,0,1,0,0,0,0,0,0,1,0,0
2603,6969,0,1,0,0,0,0,0,False,False,False,0,0,1,0,0,0,0,0,1,0,0
2605,6978,0,1,0,0,0,0,0,False,False,True,0,0,0,1,0,0,0,0,1,0,0
2606,6981,0,1,0,0,1,0,0,False,False,False,0,1,0,0,0,0,0,0,1,0,0
2610,6992,0,0,0,0,1,0,1,False,False,True,0,0,1,0,0,0,0,0,1,0,0
2611,6996,1,0,0,0,0,0,1,False,True,False,0,1,0,0,0,0,0,0,1,0,0
2613,6999,0,1,0,0,0,0,0,False,True,False,0,1,0,0,0,0,0,0,0,0,1
2614,7000,1,0,0,0,0,0,0,False,False,False,0,0,1,0,0,0,0,0,1,0,0
2620,7009,0,1,0,0,0,0,0,False,False,True,0,1,0,0,0,0,0,0,1,0,0
2623,7016,0,1,0,0,0,0,0,False,False,True,0,0,1,0,0,0,0,0,1,0,0
2624,7020,0,0,0,0,1,0,1,True,False,False,0,0,1,0,0,0,0,0,1,0,0
2625,7022,0,1,0,0,0,0,0,False,False,False,0,1,0,0,0,0,0,0,1,0,0
2627,7025,0,1,0,0,0,0,0,True,False,False,0,0,1,0,0,0,0,0,1,0,0
2629,7027,0,0,0,0,1,0,0,False,False,True,0,0,1,0,0,0,0,0,1,0,0
2630,7030,0,1,0,0,1,0,1,False,True,False,0,1,0,0,0,0,0,0,1,0,0
2632,7032,0,0,0,0,1,0,0,False,False,False,0,0,0,1,0,0,0,0,1,0,0
2635,7035,0,1,1,0,1,0,0,True,False,False,1,0,0,0,0,0,0,1,0,0,0
2636,7036,0,0,0,0,1,0,1,False,False,True,0,0,0,0,1,0,0,0,1,0,0
2640,7046,0,0,0,0,1,0,0,False,False,False,0,0,1,0,0,0,0,0,1,0,0
2645,7059,0,1,0,0,0,0,0,False,True,False,0,0,0,0,1,0,0,0,1,0,0
2649,7070,0,1,0,0,0,0,0,False,False,False,0,0,1,0,0,0,0,0,1,0,0
2651,7073,0,1,0,0,0,0,0,False,False,False,0,1,0,0,0,0,0,0,1,0,0
2652,7074,0,0,0,0,1,0,0,False,True,False,0,0,1,0,0,0,0,0,1,0,0
2659,7084,0,0,0,0,1,0,0,False,False,False,0,0,1,0,0,0,0,0,1,0,0
2662,7091,0,1,0,0,0,0,0,True,False,False,0,0,0,1,0,0,0,0,1,0,0
2663,7092,1,0,0,0,0,0,0,False,False,False,1,0,0,0,0,0,0,0,1,0,0
2664,7095,0,1,0,0,0,0,0,False,False,True,1,0,0,0,0,0,0,0,1,0,0
2665,7106,0,0,0,0,1,0,0,False,False,False,1,0,0,0,0,0,0,0,1,0,0
2666,7107,0,1,0,0,0,0,0,False,False,True,0,0,1,0,0,0,0,0,0,0,1
2670,7121,0,1,0,0,1,0,0,False,False,True,0,1,0,0,0,0,0,0,1,0,0
2678,7154,0,1,0,0,0,0,0,False,False,True,0,1,0,0,0,0,0,0,1,0,0
2681,7167,1,1,0,0,1,0,0,True,False,False,0,1,0,0,0,0,0,0,1,0,0
2684,7176,1,0,0,0,0,0,1,False,False,True,1,0,0,0,0,0,0,0,1,0,0
2685,7177,1,0,0,0,0,0,0,False,True,False,0,0,1,0,0,0,0,0,1,0,0
2686,7180,0,1,0,0,0,0,0,True,False,False,0,1,0,0,0,0,0,0,1,0,0
2687,7183,0,1,0,0,0,0,0,False,False,True,0,0,1,0,0,0,0,0,1,0,0
2694,7209,0,0,0,0,1,0,1,False,False,False,0,1,0,0,0,0,0,0,1,0,0
2710,7269,0,0,0,0,0,1,1,False,False,False,0,0,0,0,0,1,0,0,1,0,0
2711,7272,0,1,0,0,0,0,0,False,True,False,0,1,0,0,0,0,0,0,1,0,0
2712,7275,0,1,0,0,0,0,0,False,False,False,0,0,1,0,0,0,0,0,1,0,0
2716,7296,0,1,0,0,1,0,1,False,False,False,0,0,1,0,0,0,0,0,1,0,0
2717,7297,0,1,0,0,0,0,0,False,False,False,0,0,1,0,0,0,0,0,1,0,0
2722,7314,0,1,0,0,0,0,0,False,False,True,0,0,0,1,0,0,0,0,1,0,0
2724,7325,0,1,0,0,0,0,0,True,False,False,0,1,0,0,0,0,0,0,1,0,0
2726,7338,0,0,0,0,1,0,1,False,False,True,0,1,0,0,0,0,0,0,1,0,0
2730,7346,0,1,0,0,0,0,0,False,False,True,0,1,0,0,0,0,0,0,1,0,0
2731,7348,0,1,0,0,0,0,0,True,False,False,0,1,0,0,0,0,0,0,1,0,0
2737,7361,0,1,0,0,0,0,0,False,False,True,1,0,0,0,0,0,0,0,0,0,1
2738,7364,0,1,0,0,1,0,0,False,True,False,0,0,1,0,0,0,0,0,1,0,0
2742,7370,0,1,0,0,0,0,0,False,False,False,0,0,1,0,0,0,0,0,1,0,0
2743,7371,0,1,0,0,0,0,0,False,True,False,0,0,0,1,0,0,0,0,1,0,0
2744,7372,0,1,0,0,0,0,0,False,False,True,0,0,1,0,0,0,0,0,1,0,0
2746,7380,0,1,0,0,0,0,0,False,False,False,0,0,1,0,0,0,0,0,1,0,0
2750,7390,0,1,0,0,0,0,1,False,False,True,0,1,0,0,0,0,0,0,1,0,0
2751,7393,0,1,0,0,0,0,0,False,False,True,0,0,0,1,0,0,0,0,1,0,0
2752,7396,0,1,0,0,0,0,0,False,False,True,0,0,1,0,0,0,0,0,0,0,1
2755,7412,0,1,0,0,0,0,0,False,False,False,1,0,0,0,0,0,0,0,1,0,0
2756,7413,0,1,0,0,0,0,0,False,False,False,0,0,1,0,0,0,0,0,1,0,0
2757,7414,0,1,0,0,0,0,0,False,False,False,0,1,0,0,0,0,0,0,1,0,0
2773,7489,1,0,0,0,0,0,0,True,False,False,0,0,1,0,0,0,0,0,1,0,0
2774,7490,1,0,0,0,0,0,0,False,False,False,0,0,0,0,1,0,0,0,1,0,0
2775,7491,1,0,0,0,0,0,0,True,False,False,0,0,0,1,0,0,0,0,1,0,0
2777,7493,1,0,0,0,0,0,1,False,True,False,0,0,0,1,0,0,0,0,1,0,0
2778,7494,1,0,0,0,0,0,0,False,True,False,0,0,1,0,0,0,0,0,1,0,0
2779,7497,1,0,0,0,0,0,0,False,False,False,0,0,0,1,0,0,0,0,1,0,0
2780,7498,1,0,0,0,0,0,0,True,False,False,0,0,0,0,0,1,0,0,1,0,0
2781,7500,1,0,0,0,0,0,0,False,False,False,0,0,0,1,0,0,0,0,1,0,0
2782,7501,1,0,0,0,0,0,0,False,False,False,0,0,0,1,0,0,0,0,1,0,0
2783,7502,1,0,0,0,0,0,0,False,True,False,0,0,0,1,0,0,0,0,1,0,0
2785,7506,0,0,0,0,1,0,1,False,True,False,0,0,0,1,0,0,0,0,1,0,0
2786,7507,1,0,0,0,0,0,0,False,False,False,0,0,1,0,0,0,0,0,1,0,0
2787,7508,1,0,0,0,0,0,0,True,False,False,0,0,1,0,0,0,0,0,1,0,0
2788,7509,1,0,0,0,0,0,0,False,False,True,0,0,1,0,0,0,0,0,1,0,0
2789,7511,0,0,0,0,1,0,0,False,True,False,0,0,0,0,1,0,0,0,1,0,0
2790,7512,1,0,0,0,0,0,0,False,False,True,0,0,1,0,0,0,0,0,1,0,0
2791,7513,1,0,0,0,0,0,0,False,False,False,0,0,0,1,0,0,0,0,1,0,0
2793,7515,1,0,0,0,0,0,0,True,False,False,0,1,0,0,0,0,0,0,1,0,0
2794,7516,1,0,0,0,0,0,0,True,False,False,0,1,0,0,0,0,0,0,1,0,0
2796,7520,1,0,0,0,0,0,0,True,False,False,0,0,0,1,0,0,0,0,1,0,0
2797,7521,1,0,0,0,0,0,0,True,False,False,0,0,0,0,1,0,0,0,1,0,0
2798,7522,1,0,0,0,0,0,0,False,False,False,0,0,0,1,0,0,0,0,1,0,0
2799,7523,0,0,0,0,1,0,1,False,False,True,0,1,0,0,0,0,0,0,1,0,0
2800,7524,1,0,0,0,0,0,0,False,False,False,0,0,1,0,0,0,0,0,1,0,0
2801,7525,1,0,0,0,0,0,0,False,False,False,0,0,1,0,0,0,0,0,1,0,0
2802,7526,1,0,0,0,0,0,0,True,False,False,0,1,0,0,0,0,0,0,1,0,0
2803,7527,0,0,0,0,0,0,1,False,False,False,0,1,0,0,0,0,0,0,1,0,0
2804,7529,1,0,0,0,1,0,1,False,True,False,0,0,1,0,0,0,0,0,1,0,0
2805,7530,1,0,0,0,0,0,0,False,False,False,0,0,0,1,0,0,0,0,0,0,1
2807,7532,1,0,0,0,0,0,1,False,False,False,0,0,0,1,0,0,0,0,1,0,0
2808,7537,1,0,0,0,0,0,0,False,False,True,0,0,0,0,1,0,0,0,1,0,0
2810,7539,1,0,0,0,0,0,0,False,True,False,0,0,0,1,0,0,0,0,1,0,0
2812,7541,1,0,0,0,0,0,0,False,True,False,0,0,0,1,0,0,0,0,1,0,0
2813,7542,1,0,0,0,0,0,0,True,False,False,0,0,0,0,1,0,0,0,1,0,0
2815,7544,1,0,0,0,0,0,0,False,True,False,0,0,0,0,1,0,0,0,1,0,0
2816,7545,1,0,1,0,0,0,0,False,False,False,0,0,1,0,0,0,0,0,1,0,0
2817,7546,1,0,0,0,1,0,0,True,False,False,0,0,1,0,0,0,0,0,1,0,0
2822,7552,1,0,0,0,0,0,0,False,False,False,0,0,0,1,0,0,0,0,1,0,0
2823,7553,0,0,0,0,0,0,1,False,True,False,0,0,1,0,0,0,0,0,1,0,0
2824,7554,0,0,0,0,1,0,1,False,False,False,0,0,0,1,0,0,0,0,1,0,0
2827,7558,0,0,0,0,0,0,1,False,True,False,0,0,1,0,0,0,0,0,1,0,0
2828,7560,1,0,0,0,0,0,0,False,False,True,0,0,1,0,0,0,0,0,1,0,0
2829,7561,1,0,0,0,0,0,0,False,False,True,0,0,1,0,0,0,0,0,1,0,0
2830,7562,0,0,0,1,0,0,1,False,False,False,0,0,1,0,0,0,0,0,1,0,0
2831,7564,0,1,0,0,0,0,0,False,False,False,0,1,0,0,0,0,0,0,1,0,0
2832,7565,0,1,0,0,1,0,0,False,False,False,1,0,0,0,0,0,0,0,1,0,0
2833,7566,1,0,0,0,0,0,1,False,True,False,0,0,0,1,0,0,0,0,1,0,0
2834,7567,1,0,0,0,0,0,0,False,False,False,0,1,0,0,0,0,0,0,1,0,0
2836,7570,1,0,0,0,0,0,1,False,False,True,0,0,0,0,1,0,0,0,1,0,0
2838,7573,1,0,0,0,0,0,0,False,False,False,0,0,0,0,0,1,0,0,0,0,1
2839,7574,1,0,0,0,0,0,0,False,False,True,0,0,0,0,1,0,0,0,0,0,1
2840,7575,0,0,0,0,1,0,0,False,False,False,0,0,0,0,1,0,0,0,1,0,0
2842,7578,1,0,0,0,0,0,0,False,False,False,0,0,0,0,0,1,0,0,1,0,0
2844,7582,0,0,0,0,1,0,0,True,False,False,0,0,0,0,1,0,0,0,1,0,0
2845,7583,1,0,0,0,0,0,0,False,False,False,0,0,0,1,0,0,0,0,1,0,0
2847,7585,0,0,0,0,1,0,1,True,False,False,0,0,0,1,0,0,0,0,1,0,0
2848,7586,1,0,0,0,0,0,0,False,False,False,0,0,0,0,1,0,0,0,1,0,0
2849,7587,1,0,0,0,0,0,0,False,False,False,0,0,0,0,0,1,0,0,1,0,0
2850,7588,0,0,0,0,1,0,0,False,False,False,0,0,0,0,1,0,0,0,1,0,0
2851,7589,0,0,0,0,1,0,0,False,True,False,0,0,0,0,1,0,0,0,1,0,0
2852,7590,1,0,0,0,0,0,0,True,False,False,0,0,0,1,0,0,0,0,1,0,0
2853,7591,1,0,0,0,0,0,0,False,False,False,0,0,1,0,0,0,0,0,1,0,0
2854,7593,1,0,0,0,0,0,0,False,False,False,0,0,0,0,1,0,0,0,1,0,0
2855,7595,1,0,0,0,0,0,0,False,False,False,0,0,0,1,0,0,0,0,1,0,0
2856,7596,1,0,0,0,0,0,1,False,False,False,0,0,1,0,0,0,0,0,1,0,0
2857,7597,1,0,0,0,0,0,0,False,False,False,0,0,0,0,1,0,0,0,1,0,0
2858,7598,1,0,0,0,0,0,0,False,True,False,0,0,1,0,0,0,0,0,1,0,0
2859,7599,1,0,0,0,0,0,0,True,False,False,0,0,0,1,0,0,0,0,1,0,0
2860,7601,0,0,0,0,0,0,1,False,True,False,0,0,0,1,0,0,0,0,1,0,0
2866,7620,1,0,0,0,0,0,0,False,False,False,0,1,0,0,0,0,0,0,1,0,0
2867,7624,1,0,0,0,0,0,0,False,False,True,0,0,0,1,0,0,0,0,1,0,0
2872,7646,0,1,0,0,0,0,0,False,False,False,0,0,0,1,0,0,0,0,1,0,0
2873,7647,0,1,0,0,0,0,0,False,True,False,0,0,1,0,0,0,0,0,1,0,0
2874,7660,1,1,0,0,1,0,0,False,False,False,0,1,0,0,0,0,0,0,1,0,0
2883,7702,0,1,0,0,0,0,0,False,True,False,0,1,0,0,0,0,0,0,1,0,0
2887,7732,0,0,0,0,0,1,0,False,False,False,0,1,0,0,0,0,0,0,0,1,0
2888,7733,0,0,0,0,1,0,1,False,False,False,0,0,1,0,0,0,0,1,0,0,0
2890,7742,0,0,0,0,1,0,0,False,False,False,0,0,0,1,0,0,0,0,1,0,0
2893,7747,0,0,0,1,0,0,0,False,False,False,0,0,1,0,0,0,0,0,1,0,0
2894,7752,1,0,0,0,0,0,0,False,True,False,0,1,0,0,0,0,0,0,1,0,0
2899,7765,0,0,0,0,1,0,1,False,False,False,0,1,0,0,0,0,0,0,1,0,0
2901,7767,1,0,0,0,0,0,0,False,False,True,0,0,0,0,1,0,0,0,1,0,0
2902,7769,0,1,0,0,0,0,1,False,False,False,0,0,0,1,0,0,0,0,1,0,0
2907,7778,1,0,0,0,0,0,0,False,False,False,0,1,0,0,0,0,0,0,1,0,0
2908,7779,0,0,0,0,0,0,1,False,False,False,0,0,0,1,0,0,0,0,1,0,0
2909,7780,0,0,0,0,0,0,1,False,False,False,0,1,0,0,0,0,0,0,1,0,0
2911,7782,1,0,0,0,0,0,0,False,False,False,0,1,0,0,0,0,0,0,1,0,0
2912,7783,0,0,0,0,0,0,1,False,False,True,0,0,0,1,0,0,0,0,1,0,0
2913,7784,1,0,0,0,0,0,0,False,False,True,0,1,0,0,0,0,0,0,1,0,0
2916,7788,0,0,0,0,0,0,0,False,False,False,0,0,0,0,0,1,0,0,1,0,0
2919,7794,0,1,0,0,0,0,0,False,False,False,0,1,0,0,0,0,0,0,0,0,1
2920,7797,0,0,1,0,0,0,0,True,False,False,0,0,1,0,0,0,0,0,1,0,0
2926,7827,1,1,0,0,0,0,1,False,True,False,1,0,0,0,0,0,0,0,0,0,1
2929,7840,1,0,0,0,0,0,0,False,False,True,0,0,0,0,1,0,0,0,0,0,1
2930,7842,1,0,0,0,0,0,0,False,False,True,0,0,1,0,0,0,0,0,1,0,0
2931,7845,1,1,0,0,0,0,0,False,False,False,0,0,0,1,0,0,0,0,0,0,1
2932,7846,0,0,0,0,1,0,0,False,True,False,0,0,1,0,0,0,0,0,1,0,0
2933,7848,1,0,0,0,0,0,0,False,True,False,0,0,0,1,0,0,0,0,1,0,0
2935,7850,1,0,0,0,0,0,0,False,False,False,0,0,1,0,0,0,0,0,0,0,1
2937,7854,1,0,0,0,0,0,0,False,True,False,0,0,0,0,1,0,0,0,1,0,0
2939,7857,0,0,0,0,1,0,0,False,False,True,0,0,0,1,0,0,0,0,1,0,0
2940,7858,1,0,0,0,0,0,0,False,True,False,0,0,1,0,0,0,0,0,1,0,0
2941,7859,1,0,0,0,0,0,0,False,False,False,0,0,0,1,0,0,0,0,1,0,0
2945,7864,1,0,0,0,0,0,0,False,True,False,0,0,1,0,0,0,0,0,1,0,0
2946,7865,0,0,0,0,1,0,0,False,False,False,0,0,1,0,0,0,0,0,1,0,0
2947,7866,1,0,0,0,0,0,0,False,False,False,0,0,1,0,0,0,0,0,0,0,1
2950,7869,1,0,0,0,0,0,0,False,False,False,0,0,1,0,0,0,0,0,1,0,0
2952,7872,1,0,0,0,0,0,0,False,True,False,0,0,1,0,0,0,0,0,1,0,0
2954,7875,1,0,0,0,0,0,0,False,False,False,0,0,0,1,0,0,0,0,0,0,1
2956,7877,1,0,0,0,0,0,0,False,False,False,0,0,0,0,1,0,0,0,1,0,0
2959,7882,0,0,0,0,1,0,0,False,False,False,0,1,0,0,0,0,0,0,1,0,0
2960,7886,1,0,0,0,0,0,0,False,False,False,0,1,0,0,0,0,0,0,1,0,0
2962,7888,1,0,0,0,0,0,0,False,False,False,0,0,0,0,1,0,0,0,1,0,0
2963,7889,1,0,0,0,0,0,0,True,False,False,0,0,0,1,0,0,0,0,0,0,1
2964,7892,1,0,0,0,0,0,0,False,True,False,1,0,0,0,0,0,0,0,1,0,0
2965,7893,1,0,0,0,0,0,0,False,True,False,0,1,0,0,0,0,0,0,1,0,0
2966,7894,0,0,0,0,1,0,0,False,False,False,0,0,1,0,0,0,0,0,1,0,0
2968,7898,1,0,0,0,0,0,0,False,False,False,1,0,0,0,0,0,0,0,0,0,1
2971,7905,0,1,0,0,0,0,0,False,True,False,0,0,0,1,0,0,0,0,1,0,0
2972,7909,0,1,0,0,0,0,0,False,False,True,0,0,1,0,0,0,0,0,1,0,0
2974,7916,0,1,0,0,0,0,0,False,True,False,0,1,0,0,0,0,0,1,0,0,0
2976,7921,0,0,0,0,1,0,1,False,False,False,0,0,1,0,0,0,0,0,1,0,0
2978,7925,0,1,0,0,0,0,0,False,False,True,1,0,0,0,0,0,0,0,1,0,0
2979,7928,0,0,0,0,1,0,1,False,False,True,0,1,0,0,0,0,0,0,1,0,0
2980,7934,0,0,0,0,1,0,1,False,False,False,0,0,1,0,0,0,0,0,0,0,1
2989,7955,0,1,0,0,0,0,0,False,False,False,1,0,0,0,0,0,0,0,1,0,0
2990,7960,0,0,0,0,1,0,1,False,False,False,0,1,0,0,0,0,0,0,1,0,0
2991,7961,0,0,0,0,1,0,1,False,False,False,1,0,0,0,0,0,0,0,1,0,0
2992,7963,0,0,0,0,1,0,1,False,False,False,0,0,1,0,0,0,0,0,1,0,0
2993,7964,0,0,0,0,1,0,1,False,False,False,0,1,0,0,0,0,0,0,1,0,0
2996,7967,0,1,0,0,0,0,0,False,False,False,0,1,0,0,0,0,0,0,1,0,0
2997,7971,0,0,0,0,1,0,1,True,False,False,0,1,0,0,0,0,0,0,0,0,1
3001,7982,0,0,0,0,1,0,1,False,False,False,0,1,0,0,0,0,0,0,1,0,0
3004,7991,0,1,0,0,0,0,0,False,False,False,1,0,0,0,0,0,0,0,1,0,0
3006,8001,0,0,0,0,0,1,1,False,True,False,1,0,0,0,0,0,0,0,0,0,1
3007,8002,1,0,0,0,0,0,0,False,False,False,0,1,0,0,0,0,0,0,1,0,0
3009,8014,0,0,0,0,1,0,1,False,False,False,0,1,0,0,0,0,0,0,1,0,0
3011,8017,0,0,0,0,1,0,1,False,True,False,0,1,0,0,0,0,0,0,1,0,0
3012,8020,0,0,0,0,1,0,1,False,False,False,0,1,0,0,0,0,0,0,1,0,0
3013,8022,0,0,0,0,1,0,1,False,False,False,0,0,0,1,0,0,0,0,1,0,0
3014,8024,0,1,0,0,1,0,1,False,False,False,0,1,0,0,0,0,0,0,1,0,0
3019,8033,0,0,0,0,1,0,1,False,False,False,1,0,0,0,0,0,0,0,1,0,0
3022,8045,1,0,0,0,0,0,0,False,False,False,0,1,0,0,0,0,0,0,1,0,0
3024,8053,0,0,0,0,1,0,1,False,False,False,1,0,0,0,0,0,0,0,1,0,0
3025,8056,0,0,0,0,1,0,1,False,False,False,1,0,0,0,0,0,0,0,1,0,0
3026,8059,0,0,0,0,1,0,1,True,False,False,0,1,0,0,0,0,0,0,1,0,0
3027,8060,0,1,0,0,0,0,0,False,True,False,0,1,0,0,0,0,0,0,0,0,1
3030,8064,0,0,0,0,1,0,1,True,False,False,1,0,0,0,0,0,0,0,1,0,0
3033,8074,0,0,0,0,1,0,1,False,True,False,0,1,0,0,0,0,0,0,1,0,0
3034,8076,0,1,1,0,0,0,0,False,False,False,0,0,1,0,0,0,0,0,1,0,0
3035,8078,0,0,0,0,1,0,1,False,False,True,1,0,0,0,0,0,0,0,1,0,0
3036,8080,0,0,0,0,1,0,1,False,True,False,1,0,0,0,0,0,0,0,1,0,0
3039,8086,0,0,0,0,1,0,1,False,True,False,0,0,1,0,0,0,0,0,1,0,0
3040,8099,0,0,0,0,1,0,0,False,True,False,1,0,0,0,0,0,0,0,1,0,0
3042,8103,0,1,0,0,0,0,0,False,False,False,0,0,1,0,0,0,0,0,1,0,0
3044,8105,0,0,0,1,0,0,0,True,False,False,0,0,0,0,1,0,0,0,1,0,0
3045,8108,0,0,0,0,1,0,1,False,False,False,0,0,1,0,0,0,0,0,1,0,0
3047,8111,0,0,0,0,1,0,1,False,False,True,1,0,0,0,0,0,0,0,1,0,0
3048,8119,0,0,0,0,1,0,1,False,False,False,0,1,0,0,0,0,0,0,1,0,0
3049,8124,0,1,0,0,0,0,0,False,False,True,1,0,0,0,0,0,0,0,1,0,0
3053,8135,0,0,0,0,1,0,1,False,False,True,0,0,0,1,0,0,0,0,1,0,0
3054,8137,0,1,0,0,0,0,0,True,False,False,1,0,0,0,0,0,0,0,1,0,0
3057,8147,1,0,0,0,1,0,1,False,True,False,1,0,0,0,0,0,0,0,1,0,0
3058,8149,0,0,0,1,1,0,1,False,False,False,0,0,1,0,0,0,0,0,1,0,0
3059,8151,0,0,0,0,1,0,1,False,False,True,1,0,0,0,0,0,0,0,1,0,0
3060,8152,0,0,0,0,1,0,0,False,False,False,0,0,1,0,0,0,0,0,0,0,1
3064,8165,0,0,0,0,1,0,1,False,False,False,0,1,0,0,0,0,0,0,1,0,0
3065,8166,0,1,0,0,0,0,0,False,False,False,0,1,0,0,0,0,0,0,1,0,0
3066,8169,0,0,1,0,0,0,1,False,False,False,0,0,0,1,0,0,0,0,1,0,0
3067,8171,0,0,0,0,1,0,0,False,True,False,0,0,0,0,1,0,0,0,1,0,0
3068,8172,0,0,0,0,1,0,0,False,False,False,0,0,1,0,0,0,0,0,1,0,0
3069,8173,1,0,0,0,0,0,0,False,False,False,0,0,1,0,0,0,0,0,0,0,1
3070,8174,0,1,0,0,0,0,0,False,False,False,0,0,1,0,0,0,0,0,0,0,1
3071,8175,0,1,0,0,0,0,0,False,False,True,0,0,1,0,0,0,0,1,0,0,0
3075,8194,0,0,0,0,0,1,1,False,False,False,0,0,1,0,0,0,0,0,1,0,0
3078,8206,0,0,0,0,1,0,1,False,False,True,0,1,0,0,0,0,0,0,1,0,0
3081,8223,0,1,0,0,0,0,0,False,False,False,0,0,1,0,0,0,0,0,1,0,0
3082,8233,0,1,0,0,0,0,0,False,True,False,0,0,1,0,0,0,0,0,0,0,1
3083,8241,1,0,0,0,0,0,0,False,False,False,0,0,1,0,0,0,0,0,1,0,0
3088,8255,1,0,0,0,0,0,0,False,False,False,0,0,0,0,1,0,0,0,1,0,0
3090,8257,1,0,0,0,0,0,0,False,False,False,0,0,1,0,0,0,0,0,1,0,0
